ID,파일명,대주제,소주제,불공정 약관 원문,시정 요청 사유,근거 조항,수정 후 약관 조항
10001,0124_여신전문금융약관_등_시정_보도자료,계약조건의 일방적 변경 조항,여신거래조건의 임의 변경 조항,"여신금융회사 표준
 여신거래기본약관제23조 (여신거래조건의 변경) ①금융회사는 채무자의 신용상태 변동시 통지에 의하여 여신한도, 여신만기, 금리 등 여신거래조건을 변경할 수 있습니다.","대출기간과 금리를 약정한 대출계약이 정상적으로 체결된이상계약의 기초가 되었던 객관적인 사정이 현저히 변하는 수준이아니라면 양 당사자는 계약이행의 책임이 있음.대출계약에서 사전에 그 내용이 특정되지 않은‘채무자의 신용상태변동’이라는 금융기관의 재량적 기준과 판단에 의해채무자의 여신거래조건(한도, 만기, 금리 등)을 임의로 변경할수있도록 한 여신거래약관조항을시정 요청함","여신전문금융업법(제54조의 3)
자본시장과 금융투자업에 관한 법(제56조)",
10002,0124_여신전문금융약관_등_시정_보도자료,담보물·근저당 관련 조항,포괄적 동의에 의한 담보물의 임의처분 결정 조항,"OO카드 자동차 근저당권 설정계약서
 제4조 근저당권의 실행 및 근저당물건의 처분∙관리
 1. 저당물건의 처분은 법정절차에 의함을 원칙으로 하되 소유자가 동의를 한 때에는 회사는 적당하다고 인정되는 방법 시기 가격 등에 의하여 처분하고 그 취득금에서 근저당권 실행에 관련된 일체의 비용을 뺀 잔액을 여신거래기본약관 제16조에 준하여 충당할 수 있다. 2. 전항에 의한 저당물건의 처분방법, 시기, 가격, 처분대금의 채무변제충당순위 및 방법 등은 일체 회사에게 일임하고 회사가 경매에 의하지 않고 저당물건을 임의 처분하는 경우에 소유자는 이에 필요한 제반 사항을 협력하여야 하고 근저당권실행에 관련된 일체의 비용은 채무자가 부담한다. 3. 채무자가 채무를 이행치 않는 경우에 회사는 저당물건의 소유자를 대위하여 이를 관리하고 그 처분의 대가 또는 임대 수익으로서 채무의 변제에 충당할 수 있으며 이 경우 전항의 약정을 준용하여도 소유자는 이의를 제기할 수 없다.","법정절차에 의하지 않는 사적실행은 그 결과에 따라 법정절차에비해채무자에게 경제적 불이익을 초래할 수 있으므로 사적실행 단계에서채무자가 그 구체적인 내용(방법, 시기, 가격 등)을 알 수 있도록 해야함. 그럼에도 동 약관 조항에서는 포괄적인 고객의 사전 동의를근거로 처분의 방법, 시기 등을 회사가 임의로 결정할 수 있도록 재량권을부여하고 있음. 또한 담보에 대한 저당권 수준을 넘어 직접 해당 물건의 지배(관리, 임대등)를 회사가 임으로 실행하더라도 이의제기를 금지하고 있어 고객에게부당하게 불리한 조항임..채무자가 변제기일에 변제를 못하여 금융사가 담보물을 법정처분(경매등)이아닌 사적처분(매매 등)을 할 경우 채무자에게 불리할 수 있음에도불구하고 포괄적 사전 동의를 근거로 처분의 방법, 시기 등을 금융사가 임의로 결정할 수 있도록 정한 근저당권 설정 계약서 조항을 시정 요청함.","여신전문금융업법(제54조의 3)
자본시장과 금융투자업에 관한 법(제56조)",
10003,0124_여신전문금융약관_등_시정_보도자료,담보물·근저당 관련 조항,변제충당 순서의 임의 결정 조항,"OO캐피탈 근저당권 설정계약서
 제11조 (근저당권의 실행)
 ①채무자가 기일이 도래하거나 기한의 이익을 상실한 채무를 변제하지 아니하는 경우 채권자는 법정절차에 의하여 근저당권을 실행하거나 또는 일반적으로 적당하다고 인정되는 방법, 시기, 가격 등에 의하여 저당물건을 임의처분하고 그 취득금으로부터 제비용을 차감한 잔액을 법정 순서에 불구하고 이 계약에 의한 근저당권이 담보하는 채무의 원금과 이자, 위약금, 지연배상금 기타 손해배상금의 전액에 대하여 채권자가 적당하다고 인정하는 순서와 방법에 따라 충당하여도 채무자와 설정자는 이의 없기로 하며, 만약 부족액이 있을 때에는 곧 추가 변제하기로 한다.","변제의 제공이 그 채무전부를 소멸하게 하지 못하는 때에는 어느채무를먼저 변제하느냐에 따라 채무자의 변제이익이 달라질 수 있음. 위 약관 조항은 변제충당 순서를 채권자인 금융사의 재량에의해결정하도록 규정하고 있어 채무자에게 일방적으로 불리하여불공정 약관 조항임. 채권자인 금융사가 담보물을 처분하여 변제에 충당하는 경우 처분액이채무 전부를 변제할 수 없으면 채무(비용, 이자, 원본) 중 무엇을먼저변제하느냐에 따라 채무자의 이익이 달라질 수 있음에도 불구하고그순서를 금융사가 임의로 정할 수 있도록 정한 근저당권 설정 계약서조항을시정 요청함","""여신전문금융업법(제54조의 3)
자본시장과 금융투자업에 관한 법(제56조)""
변제충당 순서는 당사자의 합의에 의하고, 합의가 없는 경우 채무자 지정, 채무자의 지정이 없는 경우 채권자가 지정, 채권자의 지정도 없는 경우에는 채무자에게 변제이익이 많은 순서로 함.(민법 제476조 및 제477조)다만, 지정에 의한 충당에서 채무자가 원본 이외에 비용과 이자 전부를 변제할 수 없을 경우에는 비용, 이자, 원본의 순서로 변제가 이루어져야 함.
(민법 제479조)담보권 실행을 위한 경매로 변제충당하는 경우 배당금이 동일 담보권자가
가진 수개의 피담보채권의 전부를 소멸시키기에 부족한 경우, 채권자와 채무자사이에 별도의 합의 여부와 관계없이 가장 공평 ․ 타당한 민법 제477조의 규정에
의한 법정변제충당의 방법에 따라 충당해야 함.(대법원판례 95다 55504)
<민법 제477조 (법정변제충당)> 당사자가 변제에 충당할 채무를 지정하지 아니한 때에는 다음 각호의 규정에 의한다.
 1. 채무중에 이행기가 도래한 것과 도래하지 아니한 것이 있으면 이행기가 도래한 채무의
변제에 충당한다.
 2. 채무전부의 이행기가 도래하였거나 도래하지 아니한 때에는 채무자에게 변제이익이 많은
채무의 변제에 충당한다.
 3. 채무자에게 변제이익이 같으면 이행기가 먼저 도래한 채무나 먼저 도래할 채무의 변제에
충당한다.
 4. 전2호의 사항이 같은 때에는 그 채무액에 비례하여 각채무의 변제에 충당한다.",
10004,0124_여신전문금융약관_등_시정_보도자료,담보물·근저당 관련 조항,재량적 판단에 의한 추가담보 요구 조항,"OO리스 자동차근저당권설정 계약서제3조 (담보가치 유지)
 본 저당물건의 멸실, 훼손, 공용징수, 기타의 원인으로 인하여 그 저당물건의 담보가액이 부족하다고 회사가 인정할 때에는 그 손실은 소유자의 부담으로 하고 회사의 요구에 의하여 채무자는 변제기한 전이라도 채무의 일부를 변제하거나 채무자 또는 소유자는 부족한 담보를 대신할 만한 다른 담보를 제공하여야 한다.","민법(제362조)상 저당권자(채권자)는 ①저당권설정자(채무자 또는 제3의담보제공자)의 책임이 있고 ②저당물의 가액이 현저히 감소된 때에추가담보를 청구할 수 있도록 하고 있음. 그러나 위 약관조항은 민법의‘현저히 감소된 때’를‘담보가액부족’으로 완화시켰고, 책임의 귀책 및 담보가액의 부족 정도에 대한 고려 없이 담보부족에 대해 금융회사의 재량적 판단으로일부변제나 추가 담보를 요구할 수 있도록 하고 있어 불공정함.담보물의 가치 감소가 발생한 원인 및 그 정도에 대한 판단 없이 금융사가일방적으로 담보가액이 부족하다고 인정하면 채무자가 채무일부를변제하거나 추가 담보를 제공하도록 정한 근저당권 설정 계약서 조항을시정 요청함.","""여신전문금융업법(제54조의 3)
자본시장과 금융투자업에 관한 법(제56조)""
<민법제362조 (저당물의 보충)> 저당권설정자의 책임있는 사유로 인하여 저당물의 가액이 현저히 감소된 때에는 저당권자는 저당권설정자에 대하여 그 원상회복 또는 상당한 담보제공을 청구할 수 있다.",
10005,0124_여신전문금융약관_등_시정_보도자료,계약조건의 일방적 변경 조항,초회 납입일의 임의 결정 조항,"제7조 (초회납입 및 지연배상금) ①채무자는 할부금융 대출일로부터 금융회사가 정하는 기준에 따라 대출기일 이내에 도래하는 상환일을 초회납입일로 하며, 초회차 상환금액은 매월 납부해야 할 할부원금에 당해 대출일로부터 초회차 납입일 까지의 기간이자를 가산하여 납입합니다.","할부 및 대출계약을 설정한 후, 채무자의 초회 납입일을언제로정하는가에 따라 채무자의 이익이 달라질 수 있음.이에, 초회 납입일의 설정은 고객의 의사를 기본으로 금융기관의사정을 반영하여 합리적으로 결정되어야 함에도 금융기관이일방적으로 정할 수 있도록 하여 불공정함.신용대출, 할부금융 설정 계약에서 이자 ․ 분활 상환금 등의 초회납입일을 언제로 정하느냐에 따라 채무자의 경제적 부담이 달라질 수있음에도 불구하고 초회 납입일을 금융사가 임의로 정할 수 있도록 한조항을시정 요청함.","여신전문금융업법(제54조의 3)
자본시장과 금융투자업에 관한 법(제56조)",
10006,0124_여신전문금융약관_등_시정_보도자료,계약조건의 일방적 변경 조항,초회 납입일의 임의 결정 조항,"제4조 (원금과 이자 및 지연배상금) ①채무자는 제2조에서 정한 율에 의한 이자ㆍ분할상환금ㆍ분할상환원리금을 지급하기로 합니다. 다만, 첫 회 납입일은 금융회사가 정하는 기준에 따라 대출기일 이내에 도래하는 상환일로 하며, 초회차 상환금액은 월납입원금에 당해 대출일로부터 초회차 납입일까지의 기간이자를 가산하여 납입합니다.","할부 및 대출계약을 설정한 후, 채무자의 초회 납입일을언제로정하는가에 따라 채무자의 이익이 달라질 수 있음.이에, 초회 납입일의 설정은 고객의 의사를 기본으로 금융기관의사정을 반영하여 합리적으로 결정되어야 함에도 금융기관이일방적으로 정할 수 있도록 하여 불공정함.신용대출, 할부금융 설정 계약에서 이자 ․ 분활 상환금 등의 초회납입일을 언제로 정하느냐에 따라 채무자의 경제적 부담이 달라질 수있음에도 불구하고 초회 납입일을 금융사가 임의로 정할 수 있도록 한조항을시정 요청함.","여신전문금융업법(제54조의 3)
자본시장과 금융투자업에 관한 법(제56조)",
10007,0124_여신전문금융약관_등_시정_보도자료,기타 불공정 조항,각종 신고를 서면으로만 제한한 조항,"제19조 (신고사항과 그 변경 등) ①채무자 및 보증인은 거래에 필요한 각각의 명칭ㆍ상호ㆍ대표자ㆍ주소 등과 인감ㆍ서명을 금융회사가 정한 서면에 의하여, 미리 신고하기로 합니다. 또한 대리인에 의하여 거래하고자 할 경우에, 그 성명ㆍ인감ㆍ서명 등에 관하여도 같습니다. ②제1항에 의한 신고사항에 변경이 있는 경우, 채무자 및 보증인은 각각의 정보를 곧 서면으로 신고하기로 하며, 서면신고 하지 않음으로 발생한 손해에 대하여는 변경사항에 대한 신고를 하지 않은 채무자 및 보증인이 지기로 합니다.",신고사항 중 그 중요성이나 필요성과 상관없이 모든 신고사항을서면 통보로만 제한하고 있어 고객의 의사표시의 형식이나 요건에대하여부당하게 엄격한 제한을 두는 조항으로 불공정함.대출계약 도중 채무자의 개인정보 등에 변동이 있는 경우 서면신고 필요성에관한 판단 없이 모든 신고를 서면신고로 제한한 조항을 시정 요청함.,"""여신전문금융업법(제54조의 3)
자본시장과 금융투자업에 관한 법(제56조)""
<은행여신거래기본약관(가계용) 제15조(신고사항의 변경)> 채무자가 이미 신고한 성명ㆍ주소ㆍ전화번호ㆍ인감ㆍ서명 등에 변경이 생긴 때에는, 지체 없이 그 변경 내용을 은행에 신고해야 합니다.",
10008,0124_여신전문금융약관_등_시정_보도자료,기타 불공정 조항,각종 신고를 서면으로만 제한한 조항,"제25조 (약관ㆍ부속약관 변경) ②통지를 하거나 게시한 후 1개월 이내에 채무자의 서면에 의한 이의가 금융회사에 도달하지 않은 때에는, 약관의 변경을 승인한 것으로 봅니다.",신고사항 중 그 중요성이나 필요성과 상관없이 모든 신고사항을서면 통보로만 제한하고 있어 고객의 의사표시의 형식이나 요건에대하여부당하게 엄격한 제한을 두는 조항으로 불공정함.대출계약 도중 채무자의 개인정보 등에 변동이 있는 경우 서면신고 필요성에관한 판단 없이 모든 신고를 서면신고로 제한한 조항을 시정 요청함.,"""여신전문금융업법(제54조의 3)
자본시장과 금융투자업에 관한 법(제56조)""
<은행여신거래기본약관(가계용) 제15조(신고사항의 변경)> 채무자가 이미 신고한 성명ㆍ주소ㆍ전화번호ㆍ인감ㆍ서명 등에 변경이 생긴 때에는, 지체 없이 그 변경 내용을 은행에 신고해야 합니다.",
10009,0124_여신전문금융약관_등_시정_보도자료,계약해지·갱신 관련 조항,포괄적 ․ 추상적 계약해지 조항,"제 9 조 (서비스 제공의 중지) 다음 각 호의 하나에 해당 할 때에는 고객에게 3일의 기간을 부여하여 시정조치를 요구하고 고객이 적절한 조치를 취하지 아니 할 때에는 서비스 제공을 중지 할 수 있으며, 이 경우 고객에게 통지한다. 다만, 시정이 명백히 불가능하거나 계약 위반에 정도가 중하여 계약목적을 달성 할 수 없는 정도의 이른 때에는 즉시 계약을 해지 할 수 있다. 1. 고객이 고객번호, 비밀번호 등의 기밀사항을 타인에게 누설한 경우2. 고객이 약관 또는 관련 법규를 위반 하였을 때 3. 해킹 등 고의로 통신장애를 일으키는 행위를 하였을 때","계약의 해제·해지는 계약당사자의 이해에 중대한 영향을 미치므로그 사유는 구체적으로 열거되어야 하며 그 내용도 타당하여야하고, 계약당사자의 책임 있는 사유로 인하여 계약을 해제·해지할 경우에도채무이행이 불가능하게 된 때 등 당연한 경우를 제외하고는상당한기간을 정하여 그 이행을 최고해야 함.  그런데 위 약관조항은 계약해지사유가 지나치게 포괄적이고 추상적일뿐만 아니라, 위반행위 시정을 위하여 부여한 최고기간이 지나치게짧아 법률의 규정에 의한 해지권의 행사요건을 완화하여 고객에대하여 부당하게 불이익을 줄 우려가 있어 불공정함.계약해지 사유를 지나치게 포괄적이고 추상적으로 정하고 있거나이용자에게 위반행위 시정을 위하여 부여한 최고기간이 지나치게 짧은 조항을시정 요청함.","여신전문금융업법(제54조의 3)
자본시장과 금융투자업에 관한 법(제56조)",
10010,0124_여신전문금융약관_등_시정_보도자료,계약조건의 일방적 변경 조항,이자율 등 임의 변경 조항,"제 11조(이자율 등의 변경) 1. 회사는 법령에 의한 최고율 범위내에서 이자율, 연체이자율, 기타 수수료율을 변경할 수 있다. 2. 회사가 제 1항에 의한 이자율, 연체이율, 기타 수수료율을 변경할 경우에는 제 16조의 방법에 따라 고지하여야 한다.","고객이 사업자에게 지급해야할 대출금에 대한 이자율, 연체이자율, 기타 수수료율은 계약에 있어서 중요한 사항이므로 변경을위해서는 고객과의 합의가 필요하며, 만일 금융상품의 특성상추후변경이 불가피한 경우라면 적어도 변경을 위한 객관적인 기준이마련되고, 고객과 변경기준 및 변경가능성에 대한 합의가사전에이루어져야함. 그런데 위 약관조항은 계약에 있어서 중요한 사항인 이자등의변경 시 별도의 요건이나 기준 없이 임의로 변경할 수 있는것으로 규정하고 있어 상당한 이유 없이 급부의 내용을 사업자가일방적으로 결정하거나 변경할 수 있도록 권한을 부여한조항으로 불공정함.이자율, 연 체이자율, 기타 수수료율을 회사가 임의로 변경할 수있도록정한 조항을 시정 요청함.","여신전문금융업법(제54조의 3)
자본시장과 금융투자업에 관한 법(제56조)",
10011,141114_+보험설계사+약관_보도자료,계약조건의 일방적 변경 조항,보험계약의 무효·취소할 때 이미 지급한 수당 환수 조항,"보험계약이 무효·취소되는 경우 이미 지급한 수당을무조건환수함.계약체결 후 해지, 취소, 무효된 계약에대하여는 수수료를 지급하지 않으며,그 계약으로 인하여 기 지급된 제 수수료를 전부 환수한다.
","고객의 민원 제기로 인한 보험계약의 소멸은 보험설계사의 불완전판매와같은 사유 이외에도 회사의 책임으로 인한 경우도 있을 수 있음. 보험회사의 상품설계 오류, 상품안내자료·약관·증권 등을잘못발행하여 회사 책임으로 보험계약이 무효·취소된 경우 보험설계사가위탁 업무를 적절히 수행하여 귀책사유가 없더라도 수당을 반환해야하므로 보험설계사에게 부당하게 불리함. 다만, 양쪽 모두에 귀책사유가 없는 경우에는 보험회사에 보험계약소멸의책임은 없으므로 수당을 환수하더라도 불공정하다고 볼 수 없음. 이에 따라 <2안>과 같이 회사의 귀책사유로 인한 경우에 한해환수하지 않는다고 시정하더라도 불공정성은 해소됨.",상당수 보험회사는 보험계약이 고객의 민원으로 인해 무효·취소되는경우 보험설계사에 이미 지급한 수당을 전액 환수하는 약관조항을두고 있음,"보험설계사의 귀책사유가 없는 경우에 환수하지 않거나, 회사의 귀책사유로 인한 경우에 환수하지 않는 등의 예외 조항을둠
 <1안> (본문생략) 단, 보험설계사의 귀책사유가 없는 경우 환수하지 아니한다.
 <2안> (본문생략) 단, 회사의 귀책사유로인한 경우 환수하지 아니한다."
10012,150223_(조간)은행+상호저축은행+불공정약관+시정_보도자료,면책·책임 제한 조항,. 은행의 손해 배상 책임을 불합리하게 제한하는 조항,"[종합자금관리서비스 이용 약관] 제12조 손해 배상 및 배상의 한계 2. 고객 또는 은행이 중대한 과실 또는 부주의, 법규의 위반 또는 이 약관의 중대한위반으로 인하여 발생한 손해 또는 손실을 다음 각 호와 같이 상대방에게배상하기로 합니다. 1. 은행은 고객이 은행에 납부한 과거 1년 간 수수료 합계 금액 이내에서배상하기로 합니다. 2. 고객은 제13조(분쟁해결절차) 또는 제14조(준거법및관할법원)에 의해 정한금액을배상하기로 합니다.","은행의 고의·과실로 고객에게 손해가 발생하면 은행은 고객에게 손해배상 책임을 져야 하며, 그 손해 배상은 실제 고객의 손해를 한도로 해야함.","은행법(제52조 제3항),상호저축은행법(제18조의3),약관법 제7조 제2호,
민법
제750조(불법 행위의 내용) 고의 또는 과실로 인한 위법행위로 타인에게 손해를 가한자는그 손해를 배상할 책임이 있다.
제763조(준용 규정) 제393조, 제394조, 제396조, 제399조의 규정은 불법행위로 인한 손해배상에 준용한다
제393조(손해 배상의 범위) ① 채무불이행으로 인한 손해 배상은 통상의 손해를 그 한도로 한다.",
10013,150223_(조간)은행+상호저축은행+불공정약관+시정_보도자료,계약조건의 일방적 변경 조항,은행의 일방적인 서비스 변경 조항,"[폰뱅킹서비스 이용약관] 제 3 조 (서비스의 종류) 2. 은행은 필요한 경우 서비스의 종류와 내용을 추가, 변경, 제한할 수 있습 니다.","서비스 이용 계약에 있어서 서비스 제공은 계약의 주된 급부로, 서비스의 중지·변경·제한은 고객의 계약상 권리·의무에 중대한 영향을 미치는 사항임. 따라서 약관에서 서비스 중지·변경·제한 사유를 규정하더라도 이는 불가피한 경우에 매우 제한적으로 인정되어야 할 뿐만 아니라, 그 사유 또한 구체적이고 명확해야 함.",약관법 제10조 제1호,
10014,150223_(조간)은행+상호저축은행+불공정약관+시정_보도자료,담보물·근저당 관련 조항,은행·상호저축은행의 자의적인 추가 담보 요구 조항,"[외환거래약정서] 제8조 담보와 보증 거래처는 외환거래의 채무와 관련하여 은행의 요구가 있을 때에는 은행이 만족할만한 담보를 제공하며, 환율·금리 등의 변동으로 담보가치가 부족한 경우에는 추가담보를 제공하거나 보증인을 세웁니다.","고객에게 아무런 귀책 사유가 없거나 담보 가치가 경미하게 감소한경우까지 은행이 고객에게 추가 담보 제공을 요구할 수 있도록 하는것은부당하게 불리하고, 기한의 이익 상실 등 예상치 못한 피해를줄수있음.  저당권의 침해에 대한 구제 방법 중 하나인 담보물 보충 청구권발생요건을 정하고 있는 민법 제362조는 요건을 보다 엄격하게규정하고 있음.",약관법 제7조 제2호,
10015,150223_(조간)은행+상호저축은행+불공정약관+시정_보도자료,계약해지·갱신 관련 조항,은행의 해지권 행사 요건을 완화한 조항,전자금융서비스 이용 약관] 제15조(거래 계약의 해지) 2. 다음 각호의 어느 하나에 해당하는 경우에는 상호저축은행은 고객 본인의 의사를확인하지 않고 서비스를 해지할 수 있다. 1. 대리인이 출금계좌의 통장․인감을 제시하고 출금계좌의 해지를 요청하는경우 2. 기타 관계법령 또는 약관을 위반한 때,"계약의 해지·취소 등은 계약 당사자의 이해 관계에 중대한 영향을 미치는 사항임. 비록 계약 위반이 있더라도 그것이 중대한 계약 위반으로 계약의 존속을 무의미하게 할 정도가 아니면 계약의 해제·해지를 엄격히 제한해야 하며, 그 사유를 약정하는 경우에도 사유가 구체적으로 열거되고 그 내용 또한 타당해야 함. 또한 채무 이행이 불가능하게 된 때 또는 관련 법규에서 정하고 있는 경우를 제외하고는 상당한 기간을 정하여 그 이행을 최고하고 그 기간 내에 이행하지 않을 때 계약을 해지·취소할 수 있어야 함","여신거래기본약관 제7조 제3항 내지 제5항,약관법
제9조 제2호",
10016,150223_(조간)은행+상호저축은행+불공정약관+시정_보도자료,계약해지·갱신 관련 조항,은행의 해지권 행사 요건을 완화한 조항,[외환거래약정서] 제11조 외국환거래약정의 취소 등 본인에게 은행의 여신거래기본약관 제7조의 기한전채무변제의무의 발생사유가있는 경우 은행은 이 약정서상 약정의 일부 또는 전부를 취소하거나 제2조에의한여신금액의 지출을 중지할 수 있기로 합니다.,"계약의 해지·취소 등은 계약 당사자의 이해 관계에 중대한 영향을 미치는 사항임. 비록 계약 위반이 있더라도 그것이 중대한 계약 위반으로 계약의 존속을 무의미하게 할 정도가 아니면 계약의 해제·해지를 엄격히 제한해야 하며, 그 사유를 약정하는 경우에도 사유가 구체적으로 열거되고 그 내용 또한 타당해야 함. 또한 채무 이행이 불가능하게 된 때 또는 관련 법규에서 정하고 있는 경우를 제외하고는 상당한 기간을 정하여 그 이행을 최고하고 그 기간 내에 이행하지 않을 때 계약을 해지·취소할 수 있어야 함","여신거래기본약관 제7조 제3항 내지 제5항,약관법
제9조 제2호",
10017,150223_(조간)은행+상호저축은행+불공정약관+시정_보도자료,계약해지·갱신 관련 조항,계약 연장 의사 표시 간주 조항,[포페이팅 거래 기본약정서] 제5조(약정 기간) 본 약정의 약정기간은 __부터 __까지 1년으로 하며 이후에는 일방 당사자가본 약정을 개정 또는 해지하겠다는 서면 통지를 약정 만기일로부터 최소 30일전에 상대방 당사자에게 보내지 않는 한 자동적으로 1년 단위로 연장된다.,약관법 제12조 제1호 단서에서 ‘고객에게 상당한 기한 내에 의사표시를하지 않으면 의사표시가 표명되거나 표명되지 않은 것으로 본다는뜻을명확하게 따로 고지하거나 부득이한 사유로 그러한 고지를할수없는 경우에는 그러하지 않다’ 고 규정하고 있음 따라서 위 약관 조항은 고객이 계약 만료일부터 최소 30일전까지해지의 의사 표시를 하지 않으면 자동 갱신의 의사 표시를한것으로 간주하고 있는 조항으로 약관법 제12조 제1호에 해당함.,약관법 제12조 제1호,
10018,150223_(조간)은행+상호저축은행+불공정약관+시정_보도자료,면책·책임 제한 조항,은행의 고의·중과실을 불문하고 책임을 면제한 조항,"[펌뱅킹 서비스 이용계약서] 제6조 업무처리 일반 3. 은행은 이용기관이 전송한 거래지시 또는 자료 등이 착오, 오용, 유용, 위조, 변조 및 기타의 사고에 의한 것이라도 은행은 그 처리 결과에 책임을 지지 아니한다.",민법 제750조에 따라 은행의 고의·과실로 인하여 업무 처리 결과 고객에게 손해가 발생하였다면 은행은 손해 배상 책임을 져야 함. 위 약관 조항은 회사의 고의·과실 여부를 불문하고 회사의 책임을 배제하고 있으므로 약관법 제7조 제1호에 해당함,약관법 제7조 제1호,
10019,150223_(조간)은행+상호저축은행+불공정약관+시정_보도자료,"담보물·근저당 관련 조항
면책·책임 제한 조항",은행의 자의적인 추가담보 요구 조항,"[외환거래약정서] 제8조 담보와 보증 거래처는 외환거래의 채무와 관련하여 은행의 요구가 있을 때에는 은행이만족할만한 담보를 제공하며, 환율·금리 등의 변동으로 담보가치가 부족한 경우에는추가담보를 제공하거나 보증인을 세웁니다.","고객에게 아무런 귀책사유가 없거나 담보가치가 경미하게 감소한 경우까지 은행이 추가 담보 제공을 요구할 수 있도록 하는 것은고객에게 부당하게 불리하고, 기한의 이익 상실 등 예상치 못한피해를줄 수 있음.",약관법 제7조 제2호,
10020,150223_(조간)은행+상호저축은행+불공정약관+시정_보도자료,고객 선택권 제한 조항,은행이 일방적으로 통신수단을 결정하게 하는 조항,"[은행간 결제서비스 웹사이트 이용약관] 제11조 통지 ① 은행은 이용회원에게 통지를 하는 경우, 이용회원이 은행에 제출한 전자우편 주소, (휴대)전화번호 또는 은행이 정한 통신 수단 중 은행이 적당하다고 판단 되는 통신수단을 이용합니다.","은행이 고객에게 통지하는 내용 중에는 계약상 중요한 사항이 포함될 수 있는데, 은행이 자의적으로 통신수단을 정하여 통지하게 된다면 중요한 사항을 통지받지 못한 고객은 불측의 손해를 입을",약관법제6조제2항 제1호,
10021,150223_(조간)은행+상호저축은행+불공정약관+시정_보도자료,담보물·근저당 관련 조항,변제자대위권 무상양도 조항,"[외환거래약정서] 제9조 제3자의 변제 및 대위변제 ② 연대보증인, 연대채무자 등 이해관계인은 변제 등에 따른 대위에 의하여 은행으로부터취득한 권리를 은행과 본인간의 거래가 계속되고 있는 동안에는 은행의 동의없이행사하지 아니하기로 하고, 은행과 동시에 그 권리를 행사할 경우에도 은행이 그채권전부를 변제받은 다음에 변제받는다.","연대보증인 등과 같이 변제할 정당한 이익이 있는 이해관계인이대위변제하는 경우, 채권자가 주채무자에 대해 갖고 있던채권및 담보권은 대위변제자에게 법률상 당연히 이전됨.(민법 제481조)  또한, 채권의 일부에 대한 대위변제가 있는 경우 대위변제자는그 변제한 가액에 비례하여 채권자와 함께 그 권리를 행사할수있음.","약관법 제6조 제2항 제1호
약관법 제11조 제1호
민법 제483조 제1항",
10022,150223_(조간)은행+상호저축은행+불공정약관+시정_보도자료,담보물·근저당 관련 조항,담보권의 사적실행 사유·절차 등이 불명확한 조항,"근질권설정계약서] 제8조 담보목적물의 처분 ② 제1항에 의한 담보목적물에 대한 담보권실행방법으로는 민사집행법에 의한환가방법 이외에도 은행이 적당하다고 인정하는 방법, 시기, 가격 등에 의하여담보목적물을 제3자에게 양도하거나 매각할 수 있기로 합니다",은행의 자의적인 판단에 의하여 사적 절차를 통해 담보목적물을 처분할 수 있도록 하면 은행이 임의로 담보목적물의 가치를 저평가 하거나 채무자가 채무액과 담보목적물 시가의 차액을 제대로 정산 받지 못할 우려가 있음.,"여신거래기본약관(기업용) 제6조 제2항
약관법제6조 제2항 제1호",
10023,150223_(조간)은행+상호저축은행+불공정약관+시정_보도자료,기타 불공정 조항,약관변경 절차 조항,[전자무역업무 약관] 제14조 [약관변경] ① 은행이 이 약관을 변경하고자 할 경우에는 전 영업점 또는 은행 홈페이지에 1개월간 게시하기로 한다. ② 게시일로부터 1개월 이내에 서면에 의한 이의제기가 없는 경우 약관변경을 승인한 것으로 간주한다.,"약관을 고객에게 불리한 내용으로 변경하는 경우 고객이 그내용을 충분히 알 수 있도록 알리고, 고객이 계약을 해지할 수 있다는내용을 함께 통지하여 고객의 권리를 보장할 필요가 있음. 위 약관조항은 고객에게 개별적으로 통지하는 방법을 명확히하지 않았거나 인터넷 홈페이지, 영업점 게시만으로 갈음하는 등계약을변경하고서도 고객으로 하여금 계약의 존속여부를 판단할 수있는충분한 기회를 부여하지 않고 있음.  또한 약관의 내용이 불리한 내용으로 변경되는 경우 고객이계약을해지할 수 있다는 안내와 관련된 내용이 결여되어 있음. 특별한 필요와 목적으로 의사표현의 방법을 제한해야 할 이유가있지않는 이상 고객의 의사표시는 일반적으로 통용되는 방법으로 가능해야하는데, 위 약관 조항에 따르면 개인고객들의 경우 의사표시방법이제한되어 그 행사에 있어 제약을 받을 우려가 있음.",제6조 제2항 제1호,
10024,150223_(조간)은행+상호저축은행+불공정약관+시정_보도자료,기타 불공정 조항,고객의 이의제기 금지 조항,[사이버브랜치 표준계약서] 제13조 (청렴계약조항) ③ “갑”은 청렴계약조항 이행과 관련된 불이익 처분에 대하여 민형사상 일체의이의를 제기할 수 없다,"기업고객과의 관계에서 청렴의무를 부과하는 것은 계약관계를 투명 하게 유지하기 위한 취지에서 정하고 있는 것으로 보이나, 사적인 계약관계에서 이의제기를 일체 금지하는 것은 고객에게 부당하게 불리한 측면이 있음.",약관법 제11조 제1호,
10025,150223_(조간)은행+상호저축은행+불공정약관+시정_보도자료,계약해지·갱신 관련 조항,고객의 계약 해지 의사표시 간주 조항,[적립식 외화예금특약] 제10조 계약중도해지 예금주가 만기일전에 분할중도 인출 가능한 횟수인 5회(가입 후 6개월이 경과하지 않은 경우는 3회)를 초과하거나 또는 1회에 3회차 납입금을 초과하여 지급 요청하는 경우에는 예금 전체를 중도해지하는 것으로 간주하며 계좌를 전액해지해야 합니다,예금의 인출 요청만으로 계약해지로 간주하고 있는 위 약관조항들은 일정한 작위가 있을 때 고객의 계약 해지 의사표시가 표명된 것으로 보는 조항,약관법 제12조 제1호,
10026,150223_(조간)은행+상호저축은행+불공정약관+시정_보도자료,기타 불공정 조항,관할 법원 조항,"[공제약관] 제42조(관할법원) 이 계약에 관한 소송은 은행의 본점소재지를 관할하는 법원으로 합니다. 다만, 은행과 계약자가 합의하여 관할법원을 달리 정할 수 있습니다.",위 조항은 경제적 약자인 고객에게 응소 및 제소의 불편을초래할 우려가 있으므로 고객에 대하여 부당하게 불리한 재판관할의 합의조항,약관법 제14조 제1호,
10027,150223_(조간)은행+상호저축은행+불공정약관+시정_보도자료,담보물·근저당 관련 조항,저축은행의 자의적인 추가담보 요구 조항,[여신거래기본약관] 제6조(담보) ① 채무자 또는 보증인의 신용악화․담보가치의 감소 등의 사유로 채권보전상 필요하다고 인정된 때에는 채무자는 저축은행의 청구에 의하여 곧 저축은행이 인정하는 담보를 제공하거나 보증인을 세우기로 한다.,"고객에게 아무런 귀책사유가 없거나 담보가치가 경미하게 감소한 경우 까지 은행이 고객으로 하여금 추가 담보 제공을 요구할 수 있도록 하는 것은 고객에게 부당하게 불리하고, 기한의 이익 상실 등 예상치 못한 피해를 줄 수 있음. 저당권의 침해에 대한 구제방법 중 하나인 담보물보충청구권 발생 요건을 정하고 있는 민법 제362조*는 위 약관조항보다 요건을 엄격하게 규정하고 있음.",약관법 제7조 제2호,
10028,150223_(조간)은행+상호저축은행+불공정약관+시정_보도자료,계약해지·갱신 관련 조항,추상적인 계약 해지 사유 조항,[전자금융서비스이용약관] 제15조(거래계약의 해지) ② 다음 각호의 어느 하나에 해당하는 경우에는 상호저축은행은 고객 본인의 의사를확인하지 않고 서비스를 해지할 수 있다. 1. 대리인이 출금계좌의 통장․인감을 제시하고 출금계좌의 해지를 요청하는경우 2. 기타 관계법령 또는 약관을 위반한 때,"계약의 해제·해지는 계약 당사자의 이해에 중대한 영향을미치는사항이므로 비록 계약위반이 있더라도 그것이 경미한 계약 위반으로계약의 존속을 무의미하게 할 정도가 아니면 계약의 해제·해지를엄격히 제한해야 할 것이고, 그 사유를 약정하는 경우에도 그사유가 구체적으로 열거되고 그 내용 또한 타당성을 가져야 할것임.  또한 계약당사자의 책임 있는 사유로 인하여 계약이 해제·해지되어야 할 경우에도 상당한 기간을 정하여 그 이행을 최고하고그 기간 내에 이행하지 않을 때에 비로소 계약을 해제·해지할수 있다고 할 것임.  위 약관 조항에서는 해지사유가 지나치게 포괄적이고 추상적이며, 계약위반사항에 대하여 그 시정을 최고함이 없이 즉시 계약을해지할수 있도록 정하고 있어서 상호저축은행의 일방적인 계약해지로인하여 고객에게 불측의 손해를 입힐 가능성을 배제할 수없음.",약관법 제9조 제2호,
10029,150223_(조간)은행+상호저축은행+불공정약관+시정_보도자료,담보물·근저당 관련 조항,입고품 및 예수품의 임의처분 조항,"대여금고약관 제9조 (입고품의 임의처분) 약정기한 만료후 상당기간이 경과할 때까지 계약을 갱신하지 않거나 대여금고를 명도하지 않는 경우에는 저희 상호저축은행은 입고품을 임의반출하여 따로 보관할 수 있으며, 상호저축은행 형편 등에 비추어 입고품의 처분이 필요한 경우에는 거래처에 대한 등기우편 또는 배달증명우편으로서 입고품 처분에 관한 통지 절차를 거쳐 처분합니다.","고객이 목적물의 반환 또는 명도의무를 지체하고 있다고 하더라도 사법상의 권리실현은 민사법상의 절차에 의함이 원칙임.  위 약관 조항들은 계약기간 종료 후 계약갱신의 청구가 없거나 대여금고의 명도 또는 입고품의 반환이 없는 경우 상호저축은행에게 물건의 임의처분권을 부여하고 있어, 고객으로서는 불측의 과도한 손해를 발생시킬 수 있음.  또한 대여금고약관은 약정기간이 끝나고 추상적으로 상당기간이 경과한 후에 입고품을 임의반출하여 따로 보관할 수 있다고 정하고 있어, 상당기간이 구체적으로 어느 정도의 기간이 지난 후인지 고객으로서는 예상하기 어려움.",약관법 제6조 제2항 제1호,
10030,150223_(조간)은행+상호저축은행+불공정약관+시정_보도자료,담보물·근저당 관련 조항,입고품 및 예수품의 임의처분 조항,"보호예수약관 제3조 (예수품의 임의처분) 계약기간 만료후 예수품의 반환 또는 갱신의 청구가 없는 때에는 저희 상호저축 은행은 임차인에게 등기우편 또는 배달증명우편으로서 처분에 관한 통지 절차를 거쳐 처분하기로 하며, 예수품 처분대금으로 모든 채권과 제비용의 변상에 충당하고 잔액은 공탁하기로 합니다.","고객이 목적물의 반환 또는 명도의무를 지체하고 있다고 하더라도 사법상의 권리실현은 민사법상의 절차에 의함이 원칙임.  위 약관 조항들은 계약기간 종료 후 계약갱신의 청구가 없거나 대여금고의 명도 또는 입고품의 반환이 없는 경우 상호저축은행에게 물건의 임의처분권을 부여하고 있어, 고객으로서는 불측의 과도한 손해를 발생시킬 수 있음.  또한 대여금고약관은 약정기간이 끝나고 추상적으로 상당기간이 경과한 후에 입고품을 임의반출하여 따로 보관할 수 있다고 정하고 있어, 상당기간이 구체적으로 어느 정도의 기간이 지난 후인지 고객으로서는 예상하기 어려움.",약관법 제6조 제2항 제1호,
10031,150223_(조간)은행+상호저축은행+불공정약관+시정_보도자료,면책·책임 제한 조항,상호저축은행의 면책 범위 조항,"[전자금융거래기본약관] 제20조(손실부담 및 면책) ② 제1항의 규정에도 불구하고 상호저축은행은 다음 각호의 어느 하나에 해당하는경우에는 이용자에게 손해가 생기더라도 책임을 지지 아니한다. 1. 천재지변, 전쟁, 테러 또는 상호저축은행의 귀책사유 없이 발생한 정전, 화재, 건물의 훼손, 또는 테러 등 불가항력으로 인한 경우 2. 이용자가 접근매체를 제3자에게 대여하거나 사용을 위임하거나 양도또는담보 목적으로 제공한 경우 3. 제3자가 권한 없이 이용자의 접근매체를 이용하여 전자금융거래를 할수있음을 알았거나 쉽게 알 수 있었음에도 불구하고 이용자가 자신의 접근매체를누설 또는 노출하거나 방치한 경우 4. 법인(중소기업기본법 제2조제2항에 의한 소기업을 제외한다.)인 이용자에게손해가 발생한 경우로 상호저축은행이 사고를 방지하기 위하여 보안절차를수립하고 이를 철저히 준수하는 등 합리적으로 요구되는 충분한 주의의무를다한 경우","전자금융거래법 제9조는 제1항 각호에서 정한 사고로 인하여이용자에게 손해가 발생한 경우, 원칙적으로 금융회사 또는 전자금융업자가손해배상책임을 지도록 함.(제1항)  다만, 사고 발생에 있어서 이용자의 고의나 중대한 과실이 있는경우로서 일정한 약정을 체결한 경우 등에는 이용자가 그 책임의전부또는 일부를 부담하게 할 수 있도록 규정하고 있음.(제2항)  위 약관 조항은 각 호의 경우 금융회사의 책임을 완전히 배제하는것으로 정하고 있어 고객이 모든 책임을 부담할 수 있음",약관법 제7조 제2호,
10032,150223_(조간)은행+상호저축은행+불공정약관+시정_보도자료,고객 선택권 제한 조항,약관 변경의 이의 제기 방법을 서면으로 제한한 조항,"[전자금융거래기본약관] 제29조(약관의 변경) ③ 상호저축은행은 제1항의 게시 또는 제2항의 통지를 할 경우 “이용자가 변경에 동의하지 아니한 경우 제1항의 게시 또는 제2항의 통지를 받은 날로부터 1개월 이내에 서면에 의한 이의를 제기하거나 계약을 해지할 수 있으며, 서면에 의 한 이의 또는 계약해지의 의사표시를 하지 아니한 경우에는 변경에 동의한 것 으로 본다”라는 취지의 내용을 함께 게시 또는 통지하여야 한다. ④ 제1항의 게시 또는 제2항의 통지(제3항의 게시·통지내용 포함)를 받은 날로부터 1개월 이내에 이용자의 서면에 의한 이의 또는 계약해지의 의사표시가 상호 저축은행에 도달하지 않은 때에는 이용자가 변경에 동의한 것으로 본다.","약관의 변경은 계약의 급부가 변경될 수 있는 중요한 행위이므로 사업자가 약관을 변경할 때에는 회원에게 이에 대한 사전 고지나 통보를 하여야 하며 특히 회원에게 불리한 변경일 경우 동의 절차가 있어야 하고 이의 제기 방법이 충분히 보장되어야 할 것임.  전자금융거래법 제24조 제4항 및 전자금융거래기본약관 제25조 제3항 및 제4항에서는 금융회사 또는 전자금융업자가 약관을 변경 하는 경우 고객의 이의 또는 계약해지의 의사표시 방식을 별도로 정하지 않고 있음.전자금융거래의 경우 거래가 전자매체를 통해 이루어지는데, 이의제기 방법을 서면으로만 제한하는 것은 고객의 의사표시수단을 제한하는 것으로 볼 수 있음.",약관법 제12조 제1호및제6조 제2항 제1호,
10033,150223_(조간)은행+상호저축은행+불공정약관+시정_보도자료,기타 불공정 조항,이자 산정 시 윤년 고려 조항,[(근)보증서] 제1조(보증채무의 내용) 2. 보증인이 보증하는 채무의 범위 <특정채무보증> 마. 지연배상금: 상환기일에 지급하지 아니한 때 또는 기한의 이익(미리 정한기간동안 당사자가 누리는 이익)을 상실한 때에는 지급하여야 할 금액에 대하여곧연_%의 율로 1년을 365일로 보고 1일 단위로 계산한 지체일수에 해당하는지연배상금을 지급한다.,위 약관 조항들은 대출이자 산정시 평년과 윤년을 구분하지 않고1년을365일로 보고 1일 단위로 계산함,약관법 제6조 제2항 제1호,
10034,151231(조간)불공정+금융투자약관+시정_보도자료,담보물·근저당 관련 조항,추가 담보 제공 기간을 회사가 일방적으로 정하도록 하는조항,"회사가 고객에게 추가 담보 납부를 요구하면서 그 납입기일을 일방적으로정하는 조항
 융자를 함에 있어 융자거래자는 담보로 납부한 대용증권의 시세변동으로 담보가액의
 총액이 <별첨>에서 정하는 일정 비율(이하 담보 유지 비율)에 미달하는 때에는 회사의 요구에의하여 일정 기한(이하 추가 담보 제공 기간) 내에 추가 담보를 제공하여야 한다.",추가 담보 제공 기간은 고객에게 부여된 기한의 이익으로 고객의권리· 의무에 관한 사항이므로 약관에 객관적 기준을 명시해야 함.,약관법 제6조 제2항 제1호,
10035,151231(조간)불공정+금융투자약관+시정_보도자료,담보물·근저당 관련 조항,추가 담보 제공 기간의 기산점을 ‘담보 부족 발생일’로 삼는조항,"회사가 고객에게 추가 담보 납부를 요구하면서 그 납입 기간의 기산점을‘추가담보 제공 요구일’이 아닌 ‘담보 부족 발생일’ 로 정한 조항일반담보대출 및 수시입출금대출을 함에 있어, 회사는 대출금에 대한 담보가액 총액의비율이 <별첨> 제2조에서 정하는 담보유지비율에 미달하는 때에는 대출거래자에게
 추가담보를 제공할 것을 요구하고, 대출거래자는 <별첨>제3조에서 정한 담보의 추가납부기간 (이하 ""추가담보제공기간""이라 한다)에 추가담보를 제공하여야 한다. <별첨>
 - 추가납부기간 : 담보부족 발생일로부터 1영업일 이내 담보부족이 해소되지 않을 경우
 2영업일째 되는 날에 임의처분","담보로 제공된 주식 등의 가치가 하락하여 담보 유지 비율에 미달한경우금융투자회사의 추가 담보 제공 요구에 따라 고객은 추가 담보를 제공함.  해당 약관 조항에 따르면, 추가 납부 기간은 ‘담보 부족 발생일’ 로부터1영업일 이내이고, 고객이 추가 담보를 제공하지 않는 경우 2영업일째되는 날 임의 처분 할 수 있음. - 사업자가 담보 부족 발생 즉시 추가 담보 제공을 요구하지 않고, 담보부족 발생일로부터 1영업일째 고객에게 추가 담보 제공을 요구한 뒤, 당일 담보를 추가로 납입하지 않은 경우 그 다음날 바로 담보증권을 임의처분하는 경우도 발생할 수 있음.",약관법 제11조 제2호,
10036,151231(조간)불공정+금융투자약관+시정_보도자료,담보물·근저당 관련 조항,추가 담보 제공 기간을 ‘요구일 당일’ 로 일률적으로 제한하는조항,"회사가 고객에게 추가 담보 납부를 요구하면서 납부 기한을 담보 부족비율의정도를 고려하지 않고 일률적으로 ‘담보 추가 납부 요구일 당일’ 로 정한조항 고객은 대출금에 대한 담보가액 총액의 비율이 별지에서 정하는 일정비율(이하 담보
 유지 비율)에 미달할 때에는 회사의 요구에 의해 별지에서 정하는 추가 담보 제공 기간내에 추가 담보를 제공하여야 한다. <별지>
 제10조(추가 담보의 징구): 대출금액에 대한 담보 유지 비율은 (140%)로 하며, 추가
 담보 제공 기간은 담보 추가 납부 요구일 당일로 한다. (담보 부족 발생일 당일 추가 납부 요구)","최근 증권시장 가격 제한폭 확대(기존 ±15%에서 ±30%로 확대 / 2015년 6월 15일 시행)에따라 많은 금융회사들이 담보 부족으로 인한 위험을 피하기 위해 고객의추가 담보 제공 기간을 축소·변경하였음.  해당 약관 조항은 추가 담보 제공 기간을 획일적으로 요구일 당일로제한하고 있어, 담보 주식 가치가 미세하게 하락하여 담보 평가 비율이135%로 하락하였다고 하더라도 추가 담보 제공 요구일 당일에 투자자가담보를 제공하지 못하면 임의 처분이 가능함.",약관법 제11조 제2호,
10037,151231(조간)불공정+금융투자약관+시정_보도자료,계약조건의 일방적 변경 조항,파생 상품 계좌 설정 약관 : 자의적·추상적인 기한 이익 상실 사유,금융투자회사가 불명확한 사유로 인수도 결제 시한*을 임의로 앞당길수 있는 조항 회사는 고객의 신용도 하락 등으로 결제불이행 위험이 우려되는 경우 고객에게 인수도대상물을 최종결 제일 전에 회사에게 예탁할 것을 요구할 수 있다.,"기한 이익 상실의 사유가 발생하면 채무자(고객)가 이행 지체에 빠지게되는것이므로 기한 이익 상실의 사유는 사전에 구체적으로 명확하게 규정되어야함.  해당 약관 조항은 기한 이익 상실의 사유를 자의적·추상적으로규정하고 있어 금융투자회사는 임의적으로 기한을 앞당길 수 있고, 고객은이에 대해 전혀 예측할 수가 없음.",약관법 제6조 제2항제1호,
10038,151231(조간)불공정+금융투자약관+시정_보도자료,계약해지·갱신 관련 조항,장외 파생 상품 기본 계약서: 즉시 해지 조항,"지급 의무 이행 지체 시 최고 절차없이 즉시 계약을 해지할 수 있도록 하는조항 거래당사자 또는 그 신용제공인에게 다음 각호의 어느 하나에 해당하는 사유가 발생하는 경우에는 계약 해지 사유가 발생한 것으로 본다. 1. 기본계약서 또는 거래확인서에 의한 지급일 또는 인도일에 지급 또는 인도의무의
 전부 또는 일부를 이행하지 아니한 경우
 2. 거래당사자 또는 그 신용제공인이 기본계약서 또는 담보관련문서에 의한 담보제공의무의 전부 또는 일부를 이행하지 아니한 경우",민법상 이행 지체 시에는 상당한 기간을 정하여 이행을 최고하고그 기간 내에 이행하지 않을 때에 비로소 계약을 해지할 수 있음.,약관법 제9조 제3호,
10039,151231(조간)불공정+금융투자약관+시정_보도자료,계약조건의 일방적 변경 조항,증권 저축 약관: 예탁금 이용료 지급 기준 및 변경 조항,"금융투자회사가 예탁금 이용료 지급 기준을 임의로 변경한 후 고객에게사후 통지만 하는 조항 은행은 예탁금 이용료 지급기준을 고객이 확인할 수 있도록 은행의 영업점에 마련해
 두거나 인터넷 홈페이지, 온라인 거래를 위한 컴퓨터 화면, 그 밖에 이와 유사한 전자통신매체를 통하여 게시한다. 또한 은행이 예탁금 이용료 지급기준을 변경하는 경우에도그 변경내용을 변경예정일 전에 이항 앞의 문장에서 정하는 방법으로 고객에게 안내하고제7조제3항에 따른 월간 매매내역 등의 통지 시에 함께 가입자에게 통지하여야 한다.","예탁금 이용료는 금융투자회사가 고객의 예탁금(투자자가 주식등을매입하기 위해 증권회사의 증권계좌에 예치한 자금 등 증권계좌에남아있는 현금)을 이용한 대가로 예금에 대한 이자와 유사함.  예탁금 이용료는 계약의 중요한 내용이므로 고객에게 불리하게 변경될경우원칙적으로 사전에 통지하고 동의하지 않는 고객은 계약을 해지할수있도록 약관 변경 절차를 거치거나, 변경 기준을 사전에",약관법 제6조 제2항 제1호,
10040,160125(조간)여신전문금융약관시정_보도자료,계약조건의 일방적 변경 조항,채무 면제·유예 상품* 약관 : 상품 수수료율을 임의로 변경하는 조항,"보장 기간 중에 상품 수수료율이 변경될 수 있으며, 회사는 이 경우 변경사유를 명시하여 적용 예정일 6개월 전까지 상품 가입자에게 통보해 드립니다.","채무 면제·유예 상품은 고객의 사고·질병 등으로 인한 갑작스러운 경제적위기에 대비할 수 있는 일종의 보험 상품으로, 이 상품의 수수료율은보험상품의 보험요율과 같이 고객의 이해 관계에 중대한 영향을 미치는 사항임.  따라서 상품 수수료율 산정의 기초가 되었던 객관적인 사정이 현저히변하여계약 내용을 준수하는 것이 신의칙에 반하는 결과를 초래하는 경우가 아닌이상계약 당시의 수수료율이 적용되는 것이 원칙임.  다만 수수료율을 변경할 수 밖에 없는 불가피한 경우라면 적어도 그조건을변경하기 위한 객관적이고 명백한 기준이 마련되어야 함그런데 위 약관 조항은 수수료율이 변경될 수 있는 사유을 전혀 명시하지않아 카드사의 재량적 기준과 판단에 의하여 수수료율을 변경할 수 있도록 하고있음.", 약관법 제10조 제2호,
10041,160125(조간)여신전문금융약관시정_보도자료,기타 불공정 조항,할부 금융·담보 대출 약관 : 할부(대출)금리와 별도로 취급 수수료를 부과하는 조항,채무자는 대부업 등의 등록 및 금융이용자 보호에 관한 법률 등 법령이 허용하는 한도 내에서 금융회사에서 정한 기준에 따라 다음 각 호의 비용을 부담하기로 합니다.,"대부업 등의 등록 및 금융이용자 보호에 관한 법률
 제15조(여신금융기관의 이자율 등의 제한) ① 여신금융기관은 연 100분의 40의 범위에서 대통령령으로 정하는 율을 초과하여 대부금에 대한 이자를 받을 수 없다.
 ② 제1항에 따른 이자율을 산정할 때에는 제8조 제2항을 준용한다.
 제8조(대부업자의 이자율의 제한)
 ② 제1항에 따른 이자율을 산정할 때 사례금, 할인금, 수수료, 공제금, 연체이자,
 체당금(替當金) 등 그 명칭이 무엇이든 대부와 관련하여 대부업자가 받는 것은모두 이자로 본다. 다만, 해당 거래의 체결과 변제에 관한 부대비용으로서 대통령령으로 정한 사항은 그러하지 아니하다.
 따라서 할부(대출)금리를 산정할 때는 취급 수수료 등 그 명칭이 무엇이든간에 여신금융기관이 대부의 대가로 받는 것을 모두 포함하여 고객으로하여금 실제 할부(대출)금리*를 인지할 수 있게 해야 함. * 취급 수수료가 포함된 실제 금리  그런데 위 약관 조항은 할부(대출)금리와 별도로 취급 수수료를 부과할 수 있도록 정하고 있어 고객에게 할부(대출)금리가 실제 금리보다 낮은 것으로 오인케 할 소지가 있음",약관법제6조 제2항 제1호,
10042,160125(조간)여신전문금융약관시정_보도자료,계약해지·갱신 관련 조항,신용카드 약관 : 연회비를 일절 반환하지 않는다는 조항,"[ Prime서비스 연회비 반환안내 ] -Prime 서비스 가입일로부터 30일 이내 서비스 제공받은 이력이 없는 경우에한하여 Prime 연회비 환불이 가능합니다. 단, Prime 서비스 가입일 포함 30일이 지난 경우 및 서비스를 1회 이상 이용한경우 연회비는 환불되지 않습니다.","신용카드 회원이 부가 서비스를 이용하고 카드 계약을 해지하는 경우 카드사는미리 지급받은 연회비에서 부가 서비스 비용 등을 공제한 나머지 금액을 회원에게 반환해야 함여신전문금융업법 시행령
 제6조의11(계약 해지에 따른 연회비 반환사유 및 반환금액 등)
 ②법 제16조의5 제2항에 따른 연회비 반환금액은 신용카드회원이 신용카드업자와의 계약을해지한 날부터 일할계산하여 산정한다. 이 경우 신용카드회원이 이미 납부한 연회비에반영된 다음 각 호의 비용은 반환금액 산정에서 제외된다.
 1. 신용카드의 발행·배송 등 신용카드 발급(신규로 발급된 경우로 한정한다)에 소요된 비용
 2. 신용카드 이용 시 제공되는 추가적인 혜택 등 부가서비스 제공에 소요된 비용그런데 위 약관 조항은 신용카드 회원이 특정 부가 서비스를 1회라도이용한 경우에는 해당 부가 서비스의 비용을 고려함이 없이 연회비를 일절 반환하지않는다고 정하고 있음",약관법 제9조 제4호,
10043,160125(조간)여신전문금융약관시정_보도자료,계약조건의 일방적 변경 조항,신용·체크카드 약관 : 카드사 임의로 부가 서비스를 변경하는 조항,"회원에게 제공되는 연회비 면제, 보너스포인트 제공 등 카드관련 제반서비스나 기능은 카드사의 영업정책이나 제휴업체의 사정에 따라 변경 또는중단될 수 있으며, 그 내용을 사전에 알려 드립니다.","신용카드업자는 신용(체크)카드 이용 시 제공되는 부가 서비스를 원칙적으로 변경할 수 없으나 제휴업체 또는 신용카드업자의 휴업·도산·경영 위기 등 여신전문금융업 감독 규정에서 정한 사유가 발생한 경우에는 예외적으로 변경할 수있음.  한편 위 감독 규정에 따라 부가 서비스를 변경하는 경우에는 변경사유별로 변경일 6개월 이전 또는 사유 발생 즉시 변경 내용 등을 고객에게개별적으로 고지해야 함여신전문금융업법 시행령 <별표 1의3> 신용카드업자의 금지행위의 세부적인 유형과 기준법 제24조의2제1항제1호에 따른 금지행위는 다음 각 목의 어느 하나에 해당하는 행위로 한다.
 가.~라. <생략>
 마. 신용카드등의 이용 시 제공되는 추가적인 혜택을 부당하게 변경하는 행위.
 <여신전문금융업감독규정> 제25조(신용카드업자의 금지행위 세부유형)
 ② 다음 각 호의 어느 하나에 해당하지 않는 부가서비스 변경은 시행령 <별표 1의3> 제1호마목에 따른 금지행위에 해당한다.
 1. 신용카드 이용시 제공되는 추가적인 혜택(이하 ""부가서비스"")과 관련된 제휴업체 또는 신용카드업자의휴업·도산·경영위기, 천재지변, 금융환경의 급변, 또는 그 밖에 이에 준하는 사유에 따른 불가피한 변경2. 신용카드업자가 부가서비스 유지를 위해 노력했음에도 불구하고 제휴업체가 일방적으로 부가서비스 변경을 통보함에 따른 불가피한 변경.
 3. 신용카드등의 신규 출시 이후 출시 당시의 부가서비스를 축소변경 하지 않고 5년 이상 경과하였고, 현재의 부가서비스를 유지할 경우 해당 상품의 수익성 유지가 어려운 경우의 변경④ 신용카드업자가 부가서비스를 변경하는 경우 변경사유, 변경 내용 등을 다음 각호에서 정하는기간에 따라 해당 신용카드업자의 인터넷 홈페이지, 신용카드등의 대금청구서, 우편서신, 이메일 중 2가지 이상의 방법으로 고지하여야 한다. 다만, 제2항 제3호의 경우 부가서비스 변경일 6개월 이전부터는신용카드등의 대금청구서, 우편서신, 이메일, 문자메시지(SMS, MMS) 중 어느 하나의 방법으로 매월고지하여야 한다.
 1. 제2항 제1호, 제2호의 경우 : 사유 발생 즉시
 2. 제2항 제3호의 경우 : 부가서비스 변경일 6개월 이전그런데 위 약관 조항이 정하고 있는 부가 서비스 변경 사유는 여신전문금융업 감독 규정에서 정하고 있는 부가 서비스 변경 사유보다 훨씬 포괄적이고추상적이어서 카드사가 자의적으로 부가 서비스를 부당하게 변경할 우려가있음.
   부가 서비스 변경 ‧ 중단 시, 그 내용 등을 고객에게 개별적으로 고지해야하지만 위 약관 조항은 고지 수단에 대한 안내없이 단순히 고지한다고만정하고 있어 고객이 부가서비스 변경 등에 대한 내용을 전혀 인지하지못해 불측의 손해를 입을 우려가 있음.",약관법 제10조 제1호,
10044,160125(조간)여신전문금융약관시정_보도자료,기타 불공정 조항,체크카드 약관 : 연체 이자를 과다하게 산정하는 조항,회원은 신용 한도에 의한 카드 대금을 결제하지 못한 경우 그 익일부터 변제일까지 다음 산식의 연체료를 부담하여야 합니다. 연체료 = 연체원금 ×연체이율 ×연체일수 / 365,고객이 지정된 결제일에 채무를 갚지 못한다면 결제일 다음날부터는연체가시작된 것으로 보아야 할 것이나 채무를 갚은 날(위 약관상 ‘변제일’)은연체가 계속 있는 것으로 볼 수 없으므로 연체 일수 계산 시 변제일은포함시키지 않는 것이 타당함.,약관법 제6조 제2항 제1호,
10045,160125(조간)여신전문금융약관시정_보도자료,계약조건의 일방적 변경 조항,세이브 서비스* 약관 : 카드사 임의로 이용 한도를 조정하는 조항,"회사는 세이브 서비스 상환 기간 동안 회원님의 원활한 포인트 적립 및 상환을위해 신용도 및 이용실적 등을 고려하여 이용 한도를 조정할 수 있으며, 조정된한도는 청구서로 통지해 드립니다.","신용카드업자는회원에게 이용 한도의 증액을 신청하도록 권유해서는 안되고, 회원이 신청한 경우에 한하여 이용 한도를 증액할 수 있음.  카드사별 회원 유치 경쟁으로 이용 한도가 과도하게 부여되면 신용카드남용등 경제·사회적 부작용이 발생하므로 회원에게 이용 한도 증액을 신청토록권유하는 행위를 금지한 것임.<여신전문금융업감독규정>
 제24조의5(결제능력 심사기준 및 이용한도 책정시 준수사항)
 ③ 법 제24조제5호에 따라 신용카드업자는 회원의 신용카드 이용한도를 책정함에 있어 과도한이용한도 책정으로 인하여 신용카드가 남용되지 않도록 다음 각호의 사항을 준수하여야 한다.
 1. 회원 등이 신청한 범위 내에서 이용한도를 책정하고, 회원에게 이용한도의 증액을 신청하도록 권유하지 아니할 것
 <신용카드 발급 및 이용한도 부여에 관한 모범 규준>
 제11조(이용한도의 조정절차) ②회원이 이미 신청한 범위를 초과하여 이용한도를 증액하는 것은 회원이 신청한 경우에 한하며, 이 때 신용카드업자는 회원에게 이용한도의 증액을신청하도록 권유하지 아니한다.
 <신용카드 개인회원 표준약관>
 ④이용한도를 감액하는 경우에는 회원이 요청하는 경우를 제외하고 적용예정일로부터 14일이전에 단문메세지서비스(SMS), 전자우편(E-MAIL) 등 2가지 이상의 방법으로 통지하여 드립니다. 그런데 위 약관 조항은 회원 동의 ‧ 요청없이도 이용한도의 증액이가능하도록 정하고 있거나 감액 시 회원에게 개별적으로 통지하는 절차와관련된내용이 결여되어 있음",약관법제6조제2항 제1호,
10046,160125(조간)여신전문금융약관시정_보도자료,담보물·근저당 관련 조항,근저 당권 설정 약관: 근저당 물건에 부속된 물건이기만 하면 근저당권의 효력이 당연히 미친,"근저당권의 효력은 본 근저당물건에 부속한 일체의 물품과 장래 수리, 정비, 구조변경 또는 개조, 기타 사유로 부가 종속 될 제 장치·기계·기구 등 일체의부속물건에도 당연히 미치는 것으로 합니다.",저당권의 효력은 저당부동산에 부합된 물건과 종물에 미침.(민법 제358조)  근저당 물건에 부속된 물건이 저당부동산의 부합물에 해당되는지 여부를판단하기 위해서는 부속된 물건이 독립된 건물로서의 가치와 기능을 갖는지아니면 독립된 건물로서 가치가 없고 주건물의 사용 편의에만 제공되는것인지를 구분해야 함.(대법원 1991년 4월 12일 선고 90다11967판결)  부속 물건의 독립성이 인정되는 경우에는 저당권의 효력이 미치지않음.  그런데 위 약관 조항은 근저당 물건에 부속된 물건이 독립된 물건으로서가치와 기능을 갖는지 여부를 묻지 않고 근저당 물건에 부속된 물건이기만하면 근저 당권의 효력이 미칠 수 있도록 정하고 있음.,약관법제6조 제2항 제1호,
10047,160125(조간)여신전문금융약관시정_보도자료,기타 불공정 조항,담보 대출 약관 : 인지세 전액을 고객에게 부담시키는 조항,이 약정서 작성에 따른 인지세가 발생할 경우 고객이 부담하기로 합니다.,"재산에 관한 권리 등의 창설·이전 또는 변경에 관한 계약서나 이를증명하는 문서를 작성한 자는 그 문서에 대한 인지세를 납부해야하고, 만약 2인 이상이 공동으로 문서를 작성한 경우 그 작성자는 인지세를연대하여 납부해야 함.인지세법
 제1조(납세의무) ① 국내에서 재산에 관한 권리 등의 창설·이전 또는 변경에 관한계약서나 이를 증명하는 그 밖의 문서를 작성하는 자는 해당 문서를 작성할 때에이 법에 따라 그 문서에 대한 인지세를 납부할 의무가 있다.
 ② 2인 이상이 공동으로 문서를 작성하는 경우 그 작성자는 해당 문서에 대한인지세를 연대(連帶)하여 납부할 의무가 있다.대출 거래 약관의 작성자는 쌍방 계약 당사자인 금융회사와 채무자이므로금융회사와 채무자가 인지세를 각각 50%씩 부담하는 것이 바람직함.",약관법 제6조 제2항 제1호,
10048,160125(조간)여신전문금융약관시정_보도자료,계약조건의 일방적 변경 조항,신용카드 약관 : 채무자의 신용과는 관계없는 사유로 기한의 이익을 상실시키는 조항,"회원에 관하여 다음 각 호에서 정한 사유 중 하나라도 발생한 경우에는 은행으로부터의 독촉·통지 등이 없어도, 회원은 당연히 은행에 대한 모든 채무의기한의 이익을 상실하여 곧 이를 갚아야 할 의무를 집니다. 1.~7. (생략) 8. 입회신청서의 기재사항을 허위로 작성한 경우 9. 카드이용대금 또는 기타 은행에 대한 채무를 은행이 정한 이용정지 기준이상 연체하였을 경우 10. 이 규약에서 정한 사항을 위반한 경우 11. 관련 법규 등에서 정하는 사항을","기한의 이익을 상실케 하는 것은 계약의 해지와 같이 중도에 법률관계를종료시키는 중대한 법률 요건이므로 기한의 이익을 박탈하기 위해서는상당한 이유가 있어야 하고 그 이유는 구체적이고 명시적이어야 함.  민법 제388조는 기한의 이익 상실 사유를 담보물이 손상, 감소되거나멸실하게 된 때 등 채무자의 신용 위험이 높아진 경우로 한정
 민법
 제388조(기한의 이익의 상실) 채무자는 다음 각호의 경우에는 기한의 이익을 주장하지 못한다.
 1. 채무자가 담보를 손상, 감소 또는 멸실하게 한 때
 2. 채무자가 담보제공의 의무를 이행하지 아니할때",약관법 제11조 제2호에,
10049,161214(조간)불공정한+금융투자약관조항에+대한+시정요청_보도자료,계약조건의 일방적 변경 조항,[신용거래‧ 장외파생상품거래] 가압류 ‧ 가처분을 이유로 한 기한이익상실 및 계약해지 조항,"신용거래약관(금융투자협회 표준약관) 제12조(기한의 이익 상실) ① 고객은 다음 각 호의 어느 하나에 해당하는 경우에는 회사의 별도통지없이 기한의 이익을 상실하고 그 즉시 채무를 변제하여야 한다. 5. 회사가 예탁금 등 기타 회사에 대한 채권에 대하여 가압류, 압류명령이나 체납처분 압류통지를 받은 때 또는 기타의 방법에 의한 강제집행의 시작이나 체납처분 착수가 있는 때. 다만, 가압류의 경우에는 채권회수에 중대한 지장이 있는 때에만 기한의 이익(미리 정한 기간 동안 당사자가 누리는 이익을 말한다. 이하 같다)을 상실한다.","기한이익상실* 및 계약해지는 고객의 이해 관계에 중대한 영향을 미치는사항이므로 고객의 신용이나 담보가치에 본질적인 악화가 있는 등고객에게 중대하고 명백한 귀책사유가 있어야 함. 가압류 ‧ 가처분는 불확정채권에 기해 채권자가 일방적으로 취하는 임시적 보전절차로 추측 정도의 심증(소명)만으로도 쉽게 인용(민사집행법§279②, §301)
 되어 남용될 소지가 있음.
 * 전국 법원의 가압류 인용률은 90.27%(2002년～2014년 평균, 대법원 사법연감)
   압류, 체납처분, 파산 ‧ 회생결정과 달리 가압류 ‧ 가처분이 있다는 사실만으로는 고객의 신용이나 담보가치의 본질적인 악화 등 고객에게 계약을해지할 만한 중대하고 명백한 귀책사유가 있다고",약관법 제6조 제2항 제1호,
10050,161214(조간)불공정한+금융투자약관조항에+대한+시정요청_보도자료,계약해지·갱신 관련 조항,[신용거래‧ 장외파생상품거래] 가압류 ‧ 가처분을 이유로 한 기한이익상실 및 계약해지 조항,"장외파생상품거래 기본계약서(oo은행 약관) 제 6 조(귀책거래종료사유) 어느 당사자 또는 그의 담보제공인(이하 이들을 합쳐 이 조 및 제7 조에서 “당사자 등”이라 한다)에게 다음 각호의 1 에 해당하는 사유가 발생하는 경우에는 해당 당사자에게 귀책거래종료사유가 발생한 것으로 본다. 13. 당사자 등의 모든 자산 또는 상당한 자산에 대한 가압류나 가처분, 압류, 체납처분, 경매개시, 강제집행 기타 유사한 조치가 이루어진 경우 또는 이 계약서나 개별거래에 의하여 당사자 등이 상대방 당사자에 대하여 갖는 권리의 대상이 되는 자산의 전부 또는 일부에 대하여 압류 또는 가압류, 가처분, 체납처분 또는 기타 이와 유사한 조치가 이루어진 경우","기한이익상실* 및 계약해지는 고객의 이해 관계에 중대한 영향을 미치는사항이므로 고객의 신용이나 담보가치에 본질적인 악화가 있는 등고객에게 중대하고 명백한 귀책사유가 있어야 함. 가압류 ‧ 가처분는 불확정채권에 기해 채권자가 일방적으로 취하는 임시적 보전절차로 추측 정도의 심증(소명)만으로도 쉽게 인용(민사집행법§279②, §301)
 되어 남용될 소지가 있음.
 * 전국 법원의 가압류 인용률은 90.27%(2002년～2014년 평균, 대법원 사법연감)
   압류, 체납처분, 파산 ‧ 회생결정과 달리 가압류 ‧ 가처분이 있다는 사실만으로는 고객의 신용이나 담보가치의 본질적인 악화 등 고객에게 계약을해지할 만한 중대하고 명백한 귀책사유가 있다고",약관법 제6조 제2항 제1호,
10051,161214(조간)불공정한+금융투자약관조항에+대한+시정요청_보도자료,계약해지·갱신 관련 조항,[신용거래] 별도의 통지없는 기한이익상실 조항,신용거래약관(금융투자협회 표준약관) 제12조(기한의 이익 상실) ① 고객은 다음 각 호의 어느 하나에 해당하는 경우에는 회사의 별도통지없이 기한의 이익을 상실하고 그 즉시 채무를 변제하여야 한다.,"기한이익 상실 사유가 발생하더라도 기한이익을 상실시키려면 고객에게별도의 통지 등을 해야 함.회사가 별도의 통지를 하지 않더라도 당연히 기한이익을 상실한다면, 고객은 기한이익을 상실하였다는 사실조차 인지하지 못하여 예상하지못한 지연이자 등을 부담할 수 있음.",약관법 제6조 제2항 제1호),
10052,161214(조간)불공정한+금융투자약관조항에+대한+시정요청_보도자료,면책·책임 제한 조항,[전자금융거래] 사업자 책임 면제 조항,"전자금융거래 이용에 관한 기본약관(금융투자협회 표준약관) 제8조(회사의 책임) ② 제1항에 불구하고 다음 각 호의 어느 하나에 해당하는 사유로 인하여 고객에게 발생하는 손해에 대하여는 고객이 그 책임의 전부 또는 일부를 부담하게 할 수 있다. 6. 천재지변, 전쟁, 테러 또는 회사의 책임있는 사유없이 발생한 정전, 화재, 건물의 훼손 등 불가항력으로 인한 경우","접근 매체의 위조나 변조로 발생한 사고 등 전자금융거래에서 발생한사고로고객에게 손해가 발생한 경우 원칙적으로 금융회사가 책임을 부담함예외적으로 법령에서 정한 이용자의 고의나 중대한 과실이 있는 경우*에 한하여 고객에게 책임의 전부 또는 일부를 부담하게 할 수 있음.(전자금융거래법 제9조, 동 시행령 제8조)해당 약관 조항은 이러한 전자금융거래법상 사업자의 손해 배상 책임을제한하고 있음.
   전자금융거래법에서 정한 고객의 책임 사유 외에 정전, 화재, 건물의 훼손등추가로 규정하고 있음.
   고객에게 중과실이 있는 경우 과실 정도에 따라 고객과 금융회사의책임의범위가 결정되어야 함에도 불구하고, 고객에게 모든 책임을 부담하도록함.* 전자금융거래법 규정
 법 제9조(금융회사 또는 전자금융업자의 책임) ①금융회사 또는 전자금융업자는 다음 각 호의 어느하나에 해당하는 사고로 인하여 이용자에게 손해가 발생한 경우에는 그 손해를 배상할 책임을 진다.
 1. 접근매체의 위조나 변조로 발생한 사고
 2. 계약체결 또는 거래지시의 전자적 전송이나 처리 과정에서 발생한 사고
 3. 전자금융거래를 위한 전자적 장치 또는 「정보통신망 이용촉진 및 정보보호 등에 관한 법률」제2조제1항제1호에 따른 정보통신망에 침입하여 거짓이나 그 밖의 부정한 방법으로획득한 접근매체의 이용으로 발생한 사고
 ②제1항의 규정에 불구하고 금융회사 또는 전자금융업자는 다음 각 호의 어느 하나에해당하는 경우에는 그 책임의 전부 또는 일부를 이용자가 부담하게 할 수 있다.
 1. 사고 발생에 있어서 이용자의 고의나 중대한 과실이 있는 경우로서 그 책임의 전부 또는일부를 이용자의 부담으로 할 수 있다는 취지의 약정을 미리 이용자와 체결한 경우시행령 제8조(고의나 중대한 과실의 범위) 법 제9조제3항에 따른 고의나 중대한 과실의범위는 다음 각 호와 같다.
 1. 이용자가 접근매체를 제3자에게 대여하거나 그 사용을 위임한 경우 또는 양도나 담보의목적으로 제공한 경우(법 제18조에 따라 선불전자지급수단이나 전자화폐를 양도하거나 담보로제공한 경우를 제외한다)
 2. 제3자가 권한 없이 이용자의 접근매체를 이용하여 전자금융거래를 할 수 있음을 알았거나쉽게 알 수 있었음에도 불구하고 접근매체를 누설하거나 노출 또는 방치한 경우
 3. 금융회사 또는 전자금융업자가 법 제6조제1항에 따른 확인 외에 보안강화를 위하여 전자금융거래시 요구하는 추가적인 보안조치를 이용자가 정당한 사유 없이 거부하여 법 제9조제1항제3호에 따른사고가 발생한 경우
 4. 이용자가 제3호에 따른 추가적인 보안조치에 사용되는 매체ㆍ수단 또는 정보에 대하여 다음각 목의 어느 하나에 해당하는 행위를 하여 법 제9조제1항제3호에 따른 사고가 발생한 경우가. 누설ㆍ노출 또는 방치한 행위
 나. 제3자에게 대여하거나 그 사용을 위임한 행위 또는 양도나 담보의 목적으로 제공한 행위",약관법 제7조 제2호,
10053,161214(조간)불공정한+금융투자약관조항에+대한+시정요청_보도자료,면책·책임 제한 조항,[전자금융거래] 사업자 책임 면제 조항,인터넷 F/X딜링 거래약정서(oo 은행 약관) 제12조(면책) 천재지변 등 은행의 책임 있는 사유가 없는 불가항력적인 사유로 서비스의 제공이 지연되거나 중단되는 경우 또는 고객의 고의나 중대한 과실(고객이 접근매체를 제3자에게 대여하거나 사용을 위임한 경우 또는 양도나 담보의 목적으로 제공한 경우 및 제3자가 권한 없이 고객의 접근매체를 이용하여 전자금융거래를 할 수 있음을 알았거나 쉽게 알 수 있었음에도 불구하고 접근매체를 누설하거나 노출 또는 방치한 경우를 의미함)로 인하여 발생한 손해에 대하여 은행은 책임 있는 사유가 없는 한 책임을 지지 않는다.,"접근 매체의 위조나 변조로 발생한 사고 등 전자금융거래에서 발생한사고로고객에게 손해가 발생한 경우 원칙적으로 금융회사가 책임을 부담함예외적으로 법령에서 정한 이용자의 고의나 중대한 과실이 있는 경우*에 한하여 고객에게 책임의 전부 또는 일부를 부담하게 할 수 있음.(전자금융거래법 제9조, 동 시행령 제8조)해당 약관 조항은 이러한 전자금융거래법상 사업자의 손해 배상 책임을제한하고 있음.
   전자금융거래법에서 정한 고객의 책임 사유 외에 정전, 화재, 건물의 훼손등추가로 규정하고 있음.
   고객에게 중과실이 있는 경우 과실 정도에 따라 고객과 금융회사의책임의범위가 결정되어야 함에도 불구하고, 고객에게 모든 책임을 부담하도록함.* 전자금융거래법 규정
 법 제9조(금융회사 또는 전자금융업자의 책임) ①금융회사 또는 전자금융업자는 다음 각 호의 어느하나에 해당하는 사고로 인하여 이용자에게 손해가 발생한 경우에는 그 손해를 배상할 책임을 진다.
 1. 접근매체의 위조나 변조로 발생한 사고
 2. 계약체결 또는 거래지시의 전자적 전송이나 처리 과정에서 발생한 사고
 3. 전자금융거래를 위한 전자적 장치 또는 「정보통신망 이용촉진 및 정보보호 등에 관한 법률」제2조제1항제1호에 따른 정보통신망에 침입하여 거짓이나 그 밖의 부정한 방법으로획득한 접근매체의 이용으로 발생한 사고
 ②제1항의 규정에 불구하고 금융회사 또는 전자금융업자는 다음 각 호의 어느 하나에해당하는 경우에는 그 책임의 전부 또는 일부를 이용자가 부담하게 할 수 있다.
 1. 사고 발생에 있어서 이용자의 고의나 중대한 과실이 있는 경우로서 그 책임의 전부 또는일부를 이용자의 부담으로 할 수 있다는 취지의 약정을 미리 이용자와 체결한 경우시행령 제8조(고의나 중대한 과실의 범위) 법 제9조제3항에 따른 고의나 중대한 과실의범위는 다음 각 호와 같다.
 1. 이용자가 접근매체를 제3자에게 대여하거나 그 사용을 위임한 경우 또는 양도나 담보의목적으로 제공한 경우(법 제18조에 따라 선불전자지급수단이나 전자화폐를 양도하거나 담보로제공한 경우를 제외한다)
 2. 제3자가 권한 없이 이용자의 접근매체를 이용하여 전자금융거래를 할 수 있음을 알았거나쉽게 알 수 있었음에도 불구하고 접근매체를 누설하거나 노출 또는 방치한 경우
 3. 금융회사 또는 전자금융업자가 법 제6조제1항에 따른 확인 외에 보안강화를 위하여 전자금융거래시 요구하는 추가적인 보안조치를 이용자가 정당한 사유 없이 거부하여 법 제9조제1항제3호에 따른사고가 발생한 경우
 4. 이용자가 제3호에 따른 추가적인 보안조치에 사용되는 매체ㆍ수단 또는 정보에 대하여 다음각 목의 어느 하나에 해당하는 행위를 하여 법 제9조제1항제3호에 따른 사고가 발생한 경우가. 누설ㆍ노출 또는 방치한 행위
 나. 제3자에게 대여하거나 그 사용을 위임한 행위 또는 양도나 담보의 목적으로 제공한 행위",약관법 제7조 제2호,
10054,161214(조간)불공정한+금융투자약관조항에+대한+시정요청_보도자료,계약해지·갱신 관련 조항,[장외파생상품거래] 즉시 계약 해지 조항,"담보제공의무 불이행 시 최고절차 없이 즉시 계약을 해지하는 조항거래당사자 또는 그 신용제공인에게 다음 각호의 어느 하나에 해당하는 사유가 발생하는 경우에는 계약 해지 사유가 발생한 것으로 본다. 1. 거래당사자 또는 그 신용제공인이 기본계약서 또는 담보관련문서에 의한 담보제공의무의 전부
 또는 일부를 이행하지 아니한 경우","민법상 이행지체 시 상당한 기간을 정하여 이행을 최고하고 그기간내에 이행하지 않을 때에 비로소 계약을 해지할 수 있음.해당 약관 조항은 담보 제공 의무를 위반하는 경우, 채권자 등에의해회생절차 또는 파산절차가 신청*된 것만으로도 최고 없이 즉시해지할수 있도록 함 특히 우리나라 금융회사들은 국제스왑파생상품협회(International Swap
 & Derivative Association, Inc. 이하 ISDA)의 표준계약서를 거의 그대로차용하고 있는데, 위 약관 조항에 대하여는 ISDA약관보다 고객에게 불리하게변경하여 사용하고 있음.",약관법 제9조 제3호,
10055,161214(조간)불공정한+금융투자약관조항에+대한+시정요청_보도자료,계약해지·갱신 관련 조항,[장외파생상품거래] 즉시 계약 해지 조항,"채권자가 회생·파산신청한 경우 최고절차 없이 즉시 계약을 해지하는조항어느 당사자 또는 그의 담보제공인(이하 이들을 합쳐 이 조 및 제7조에서 “당사자 등”이라
 한다)에게 다음 각호의 1에 해당하는 사유가 발생하는 경우에는 해당 당사자에게 귀책거래종료사유가 발생한 것으로 본다. 11. 당사자 등 또는 제3자가 당사자 등에 대하여 「채무자 회생 및 파산에 관한 법률」상 회생절차또는 파산절차를 신청한 경우","민법상 이행지체 시 상당한 기간을 정하여 이행을 최고하고 그기간내에 이행하지 않을 때에 비로소 계약을 해지할 수 있음.해당 약관 조항은 담보 제공 의무를 위반하는 경우, 채권자 등에의해회생절차 또는 파산절차가 신청*된 것만으로도 최고 없이 즉시해지할수 있도록 함 특히 우리나라 금융회사들은 국제스왑파생상품협회(International Swap
 & Derivative Association, Inc. 이하 ISDA)의 표준계약서를 거의 그대로차용하고 있는데, 위 약관 조항에 대하여는 ISDA약관보다 고객에게 불리하게변경하여 사용하고 있음.",약관법 제9조 제3호,
10056,161214(조간)불공정한+금융투자약관조항에+대한+시정요청_보도자료,계약조건의 일방적 변경 조항,[CMA] 사업자의 자의적인 서비스 해지․변경 조항,"사업자가 자의적으로 서비스 이용계약을 해지․변경하는 조항제11조 (약정의 해지 및 변경)
 ② 다음 각 호의 어느 하나에 해당하는 사유가 발생한 경우 회사는 CMA 서비스 약정을 해지할 수 있습니다. 1. 고객이 약관의 중요한 사항을 위반하는 경우, 회사가 고객에게 14일 이상의 기간을 부여하여주어 시정 조치를 요구하고, 고객이 적절한 조치를 취하지 아니한 때.","서비스 이용계약에서 서비스 제공은 계약의 주된 급부로서, 서비스의해지· 변경·제한은 고객의 계약상 권리·의무에 중대한 영향을 미치는 사항임.  따라서 서비스 해지·변경·제한 사유는 불가피한 경우에 매우 제한적으로 인정되어야 할 뿐만 아니라, 그 사유 또한 구체적이고 명확하여야함","약관법 제9조제2호, 제10조 제2호 및 제6조 제2항 제1호",
10057,161214(조간)불공정한+금융투자약관조항에+대한+시정요청_보도자료,계약해지·갱신 관련 조항,[실시간 시세정보서비스] 계약 자동연장 조항,"고객이 별도의 “서비스” 해지신청을 하지 않는 경우, “서비스” 이용권한이 자동 연장되며, 매월 첫 영업일에 “고객”의 “서비스“ 신청계좌에서 해당월 이용요금이 외화(결제통화)로 자동으로 징수된다","고객은 서비스 계약이 존속되는 동안 회사에게 이용 요금을 지급하므로, 계약 기간 만료 시 계약을 연장할 것인지 혹은 종료할 것인지는 중요한계약 내용임.  그런데 해당 약관 조항은 계약 기간을 명시적으로 규정하지 않고, 월단위로 요금을 지급받으면서 별도의 해지 의사 표시가 없는 경우자동연장이 되는 것으로 규정하고 있음.",약관법 제12조 제1호,
10058,161214(조간)불공정한+금융투자약관조항에+대한+시정요청_보도자료,고객 선택권 제한 조항,[비상장 주식 중개서비스] 중개신청을 제한하는 조항,회사는 비상장주식 거래자가 신청한 가격이 다음의 각 호에 해당할 경우 회사는 거래자의 중개신청에 응하지 않고 해당 게시물을 삭제,중개업자는 고객으로부터 일정한 업무를 위임받은 것으로서 선량한관리자로서 주의의무를 가짐.  고객이 수량과 가격을 반대로 명시한 것이 명백한 경우에는 금융회사는고객의 진정한 의사를 확인하여 거래의 기회를 보장하는 것이 타당함.,약관법 제6조 제2항 제1호,
10059,170728(조간)P2P대출+플랫폼+불공정약관+시정_보도자료,기타 불공정 조항,자의적인 추심 위임 조항,여신회사”는 본 항의 각 호에 해당하는 경우 “여신회사”가 지정하는 업체에 채권 의 추심을 위임할 수 있습니다.- 채권의 보전을 위해 반드시 필요하다고 “여신회사”가 판단한 경우,"P2P 대출계약에서P2P 플랫폼사업자와연계된대부업체는 법적인 채권자로서, 연체채권에대한추심업무를제3의업체에위임 할 권리가있으나, 그로 인한 경제적 부담은고객이진다. 추심 업무를 추심 업체에 위임하는 경우 추심 수수료가 발생하고 이는 고객인 투자자의 부담이 되나, 해당 약관 조항들은 사업자가 어떠한 경우추심을위임하는지, 그때발생하는수수료는얼마인지 등을 구체적으로 밝히지 않고있다. 따라서사업자는추심위임이불필요한경우에도추심을위임하여 투자자에게예측하지못한손실을입힐가능성이있으므로부당하다.",약관법 제10조 제1호,"“여신회사”는 본 항의 각 호에 해당하는 경우 “여신회사”가 지정하는 업체에 채권 의 추심을 위임할 수 있습니다.- 수차례 유선상의 연락에도 불구하고 연락 이 되지 않거나 채무자가 직접 채권상환의 지가 없음을 명확하게 전달하여, 현장방문 진행 등 채권의 보전을 위해 반드시 필요 하다고 “여신회사”가 판단한 경우"
10060,170728(조간)P2P대출+플랫폼+불공정약관+시정_보도자료,기타 불공정 조항,자의적인 추심 위임 조항,"상기 1항의 규정에 의해 채권 추심을 위임하는 경우, 채권 회수금액의 일정비율에 해당하는 회수성공수수료를 “여신회사”가 추심을 위임한 업체에 지불할 수 있으며,투자자는 그로 인해 발생한 투자금의 손실에 대해 이의를 제기하지 않습니다.","P2P 대출계약에서P2P 플랫폼사업자와연계된대부업체는 법적인 채권자로서, 연체채권에대한추심업무를제3의업체에위임 할 권리가있으나, 그로 인한 경제적 부담은고객이진다. 추심 업무를 추심 업체에 위임하는 경우 추심 수수료가 발생하고 이는 고객인 투자자의 부담이 되나, 해당 약관 조항들은 사업자가 어떠한 경우추심을위임하는지, 그때발생하는수수료는얼마인지 등을 구체적으로 밝히지 않고있다. 따라서사업자는추심위임이불필요한경우에도추심을위임하여 투자자에게예측하지못한손실을입힐가능성이있으므로부당하다.",약관법 제10조 제1호,"상기 1항의 규정에 의해 채권 추심을 위 임하는 경우, 채권 회수금액의 일정비율에 해당하는 추심수수료를 아래와 같이 “여신회사”가 수취할 수 있으며,
이는 “여신회사”가 추심을 위임한 업체에 지불하는 추심수수료 및 “여신회사”가 직접 투여한 채권추심비용의 보전을 위한 추심성공수수료를 모두 포함하고 있습니다.
 a. 채권 연체기간 6개월 미만 : 회수금액의 최대 15%
 b. 채권 연체기간 6개월 이상 12개월 미만 : 회수금액의 최대 20%
 c. 채권 연체기간 12개월 이상 : 회수금액의 최대 30%"
10061,170728(조간)P2P대출+플랫폼+불공정약관+시정_보도자료,기타 불공정 조항,"자의적인 채권 매각, 채무 감면 조항",투자자가원리금수취권을보유하고있는 해당대출건의연체일이365일을초과할 경우여신업체는해당채권을신용회복기 금혹은여신업체가지정하는업체에투 자자의동의없이매각할수있습니다.,"대출계약의채무자가원금이나이자상환을지연하여상환 가능성이 낮은경우, 채무일부를감면해주거나채권자체를제3자 에게 매각함으로써 투자금의 일부라도 일찍 회수하고 투자 관계를 종료하는 것이 사업자와 투자자에게 유리한 경우가있다. 그러나 대출채권을할인하여 매각하거나채무자의채무일부를감면 해주는 경우 투자자의 수익이 감소하거나 경우에 따라 원금 손실이 발생할 수있다. 그런데 사업자로서는 투자자들에게 공시되는 연체율을 관리하거나 유지비용을절감하기위해 해당조항을근거로 불필요하게채권을 할인하여 매각하거나 채무를 감면할수있으므로부당하다.",약관법 제10조 제1호,"①투자자가원리금수취권을보유하고있는 해당대출건중투자자의투자금과투자수 익률에대한손해가발생하지않는대출건 에한하여온라인대출정보연계대부업자는 해당채권을온라인대출정보연계대부업자 가지정하는업체에투자자에게통지하고 매각할수있습니다.이경우해당채권은 투자자에게조기상환될수있습니다.회사 와온라인대출정보연계대부업자는채권을 매각하기3일전까지제20조(회원에대한 통지)에서정한방법으로이해관계있는 투자자에게통지하고,이러한사항을사이 트에게시합니다. ②채권을매각하게되는경우중투자자가 원리금수취권을보유하고있는해당대출 건의연체일이90일을초과하여손실이 발생하는경우에한하여원활한매각을 위하여투자자의동의를얻어채권을할 인하여매각할수있고,해당채권의매각 금액에서매각에소요되는비용을공제한 잔여금을회사에지급할수있으며,회사 는지급받은금액을자금출연비율에맞 게투자자에게분배합니다.이경우투자 자는채권의매각으로인해투자금의손 실이발생할수있습니다."
10062,170728(조간)P2P대출+플랫폼+불공정약관+시정_보도자료,면책·책임 제한 조항,포괄적인 사업자 면책 조항,"회사와 여신업체는 귀하의 투자 행위에 대 한 결과에 대해 어떠한 책임 도 지지 않으 며, 귀하는 어떠한 경우에도 회사와 여신 업체에게 귀하의 투자 행위에 따른 결과에 대한 법적, 사회적, 물질적 배상 및 보장을 요구할 수 없습니다.","P2P 대출은성질상차입자가채무를이행하지않아투자 손실이발생할가능성이있고, 금융위가이드라인도P2P 대출사업자 들이‘원금보장’, ‘확정수익’ 등의문구를사용하지못하도록규정 하고있다. 그러나투자손실이발생함에있어사업자가고객에게차입자등에 대한 잘못된 정보를 제공하였거나, 채권 관리를소홀히하는등의 과실이 있을 가능성을배제할수는없다. 따라서투자손실이사업자의고의또는과실에기인하는경우에도 사업자를 면책하는 조항은 부당하다.",약관법제7조 제1호,"회사와 온라인대출정보연계대부업자는 귀 하의 투자 행위에 대한 결과에 대해 책임 지지 않으며, 귀하는 회사와 온라인대출정 보연계대부업자의 고의 또는 과실 없이 발생한 귀하의 투자 행위에 따른 결과에 대한 법적, 사회적, 물질적 배상 및 보장 을 요구할 수 없습니다."
10063,170728(조간)P2P대출+플랫폼+불공정약관+시정_보도자료,고객 선택권 제한 조항,채권 양도 금지 조항,“투자자”는 “회사”의 약관에 따라 투자하 여 획득한 “회사”와 “여신회사”가 제공한 지위와 권리를 제3자에게 전부 또는 일부 라도 양도할 수 없습니다.,"P2P대출 계약에서투자자가사업자에대하여갖는권리인 ‘원리금 수취권’ 은일종의금전 채권으로서, 성질상양도가 가능한 권리이다. 다만 원리금수취권의양도를무제한허용할경우불법추심이나개인 투자 한도 초과, 채권 귀속 관련 분쟁이 발생하는 등의 문제가 발생할 수있으므로일정 부분 제한할 필요는있다. 그런데플랫폼회원간양도와같이양수인이투자자자격을갖추 었는지, 개인 투자 한도를 초과하지는 않는지 등을사업자가 파악 할수있는경우까지도채권양도를전부제한하는것은과도하다.","민법 제449조 제1항,
약관법 제11조 제3호","“투자자”는 “회사”의 약관에 따라 투자하여 획득한 “회사”와 “여신회사”가 제공한 지위 와 권리를 제3자에게 전부 또는 일부라도 양도할 수 없습니다. 다만, “회사”의 사전 승인을 받을 경우 다른 투자자에게 양도하 는 것은 가능합니다. “회사”는 양수인이 투 자회원 가입 등 결격사유가 없고 정상적인 투자회원 가입이 될 경우에는 승인하는 것 을 원칙으로 합니다."
10064,170728(조간)P2P대출+플랫폼+불공정약관+시정_보도자료,계약해지·갱신 관련 조항,통보없이 계약을 해지하는 조항,"투자자가 아래 각호의 행위를 한 경우, 회사는 별도의 통보 없이 투자자 자격을 박탈하거나, 서비스 이용을 하지 못하도록 제한 조치를 할 수 있습니다.","상대방의계약위반을이유로계약을해제 또는해지하려면 먼저상당한기간을정하여계약을이행할것을최고(催告)하여야하고, 이행가능성이없거나그밖에최고가불가능한경우에도적어도해제 또는해지사실을당사자에게통지는하여야한다. P2P대출 계약에서의투자 취소나투자자자격박탈도일종의계약 해제 내지해지에해당하므로최고등필요한 절차를지켜야한다. 사업자가고객에대한통지없이 투자를 취소하거나투자자 자격을 박탈하게되면고객은잘못을 시정하거나이의제기할기회가없게 되므로 부당하다.","민법 제543조 제1항, 제544조
약관법 제9조 제3호","투자자가 아래 각호의 행위를 한 경우, 회사는 상당한 기간을 정하여 이행 내지 시정을 요청하고, 이러한 이행 내지 시정 이 없는 경우 해당 투자자와 계약을 해지 하거나 투자자 자격을 박탈하거나, 서비스 이용을 하지 못하도록 제한 조치를 할 수 있습니다."
10065,170728(조간)P2P대출+플랫폼+불공정약관+시정_보도자료,계약조건의 일방적 변경 조항,약관 개정 절차 조항,"귀하는 본 약관과 “서비스이용약관”의 모 든 조항에 동의하며, 이러한 조항들은 “회 사”가 필요한 경우 “회사”의 재량 내에서 수시로 개정 할 수있습니다.","약관이개정되더라도원칙적으로기존고객에게는계약 체결 시의 약관을 적용하여야하나, 고객이명시적또는묵시적으로 약관 개정에 동의하는경우개정된약관을적용할수있다. 일반적인 웹사이트 회원 약관은 일정 기간 누리집에 약관 개정 사항을 게시하면이용고객이이를인지하고웹사이트를계속이용 함으로써 묵시적으로 동의할수있다. 그러나P2P 대출계약의투자자는계약이체결된이후에누리집을 방문하지 않더라도 수수료 규정 등 약관의 개정에 대하여 이해 관계가있게되므로약관개정에대한개별통지절차가필요하다. 따라서 사업자가 약관을 재량에 따라 개정할 수 있도록 하거나, 누리집에 게시하는 것만으로 약관을 개정하는 것은 이해 관계있는 당사자의동의없이합의된계약내용을변경하는것이므로부당하다.",약관법 제12조 제1호,"“회사”가 본 약관을 개정할 경우에는 개 정된 약관의 적용일자 및 개정사유를 명 시하여 그 적용일자 7일 이전부터 적용일 자 전일까지 사이트 화면에 게시하고 개 별통지(전자우편, sms 등) 하는 방식으로 공지합니다."
10066,170728(조간)P2P대출+플랫폼+불공정약관+시정_보도자료,고객 선택권 제한 조항,고객에게 부당하게 불리한 관할 합의 조항,"서비스 이용과 관련하여 발생한 분쟁에 대 해 소송이 제기될 경우, 회사의 본사 소재 지 관할법원을 전속 관할법원 으로 한다.",P2P대출 시장이빠르게성장하면서투자 손실이나투자금 지급 등과관련한법적 분쟁이 발생할 가능성도커지고있다. 그런데 P2P대출은 온라인으로 계약이 체결되므로 사업자의 본사 소재지에서 멀리 떨어진 곳에 거주하는 고객도 제한없이 사업자와 거래할 수있다. 그럼에도불구하고해당약관조항은고객의주소와무관하게사업자의 본사 소재지 또는서울중앙지방법원에만 피해를 입은 고객이 소송을 제기할 수있도록하므로부당하다.,약관법제14조제1호,"서비스 이용과 관련하여 발생한 분쟁에 대해 소송이 제기될 경우 관할법원은 제 소 당시의 귀하의 주소에 의하고, 주소가 없는 경우에는 거소를 관할하는 지방법원 의 전속관할로 합니다. 다만, 제소 당시 이용자의 주소 또는 거소가 분명하지 않 거나 외국 거주자의 경우에는 민사소송법 상의 관할법원에 제기합니다."
10067,171122(조간)금융+관련+불공정약관+시정요청,계약해지·갱신 관련 조항,엄격한 계약 해지 요건을 규정한 조항,"【정비사업 토지신탁계약서】 (신탁해지 및 책임부담) ① 위탁자는 폐지 또는 중단되거나, 수탁자, 시행규정 및 관계법령에 따라 본 건 사업이 수익자 등 이해관계인 전원의 동의가 있는 경우를 제외하고는 수탁자의 귀책사유 없이 이 신탁계약을 해지할 수 없다.","재건축·재개발 등을 위한 신탁 계약에서 계약의 해지는 계약 당사자의 이해에 중대한 영향을미치는사항으로, 그사유는구체적으로 열거 되고 그 내용 또한 타당성을 가져야 한다. 그러나 신탁업자에 의한 주택 재개발 사업은 이해 관계인이 다수인 경우가 대부분이며, 위 약관 조항에서 규정하고 있는 이해 관계인의 범위를 명확하게규정하기도 어려워이해관계인전원의동의를 요구하는 것은 사실상 계약 해지를 불가능하게할우려가있다. 따라서위약관조항은재건축·재개발등을위탁하는위탁자에의한계약 해지요건을매우엄격하게규정하여법률에따른고객의해제권또는 해지권을배제하거나그행사를제한하는조항으로무효이다",약관법제9조제1호,
10068,171122(조간)금융+관련+불공정약관+시정요청,계약해지·갱신 관련 조항,추상적이고 포괄적인 계약 해지 사유를 규정한 조항,"【정비사업 토지신탁계약서】 (신탁해지 및 책임부담) ② 수탁자는 경제사정의 변화 등 기타 상당한 사유에 의하여 신탁의 목적달성 또는 신탁사무의 수행이 불가능하거나 현저히 곤란한 경우 이 신탁 계약을 해지할 수 있으며, 수탁자의 귀책사유가 없는 한 해지에 따른 책임을 부담하지 아니한다.","계약 당사자의 권리·의무에 중대한 영향을 미치는 계약 해지 사유를 약관에 규정할 때에는 구체적이고 명확히 규정하여 계약 상대방이 그 사유를충분히 예상할수있어야한다. 그러나‘경제사정의변화등기타상당한사유’ 는포괄적이고불확실한 사유로서, 어떠한 경우에 계약이 해지될 수 있는지에 대한 예측이 매우 어렵다. 따라서위약관조항은수탁자의자의적판단으로계약이 해지될수있어 고객에게부당하게불리한조항으로무효이다.",약관법 제6조제2항제1호,
10069,171122(조간)금융+관련+불공정약관+시정요청,계약조건의 일방적 변경 조항,약관 변경 절차 조항,【수입대금송금서비스 약정서】 제11조(준용약관 및 약관의 변경) 은행이 본 약관을 변경코자 할 때는 그 변경 1개월 전에 영업점 또는 인터넷 홈페이지에 게시하며 변경내용을 게시한 후 시행일 전 영업일까지 고객의 이의가 서면으로 은행에 도달하지 않으면 고객이 이를 승인한 것으로 봅니다.,"약관을 고객에게 불리한 내용으로 변경하는 경우 고객이 그 내용을 충분히 알 수 있도록개별적으로 알리고, 고객이 계약을 해지할 수 있다는 내용을 함께 통지하여 고객의 권리를 보장할필요가있다. 그런데 위 약관 조항은 약관의 변경 내용이 신청인에게 불리한 경우 개별 통지한다는 내용 및 고객이 약관 변경에 동의하지 않는 경우 계약을 해지할 수 있다는 내용이 규정되어 있지 않다. 따라서위약관조항은약관변경시개별통지절차등을명시하지않아 고객에게부당하게불리한조항으로무효이다.",약관법제6조제2항제1호,
10070,171122(조간)금융+관련+불공정약관+시정요청,계약해지·갱신 관련 조항,기한 이익 상실 사유를 추상적으로 규정한 조항,【수출팩토링 추가약정서】 제9조(소구의무가 있는 경우) 다음 각호에서 정한 사유 중 하나에 해당하는 경우에 “본인”은 “은행”의 요청에 따라 수출팩토링 대상채권의 매입대금에 대한 상환의무를 지고 곧 변제하기로 합니다 . 7. “본인”이 장차 이 특약상의 의무를 이행하지 못하거나 이행하지 못할 우려가있는 상황이 발생한 경,"기한 이익 상실* 사유는 채무자가 미리 인지하고 있어야 할 중요한 사항으로서고객이기한이익상실사유를예측할수있도록구체적 으로 규정해야 한다. * 기한 이익을 상실하면 채무자는 만기 전이라도 대금을 모두 변제해야 함. 그런데 위약관조항은기한이익상실사유를지나치게추상적으로 규정하여 고객이계약상의의무를이행하지못하거나이행하지 못할 우려가 있는경우에도기한 이익이 상실된다고규정하고있다. 따라서 위 약관 조항은 기한 이익상실의사유를추상적으로규정하여 은행이 임의적으로 변제 기한을 앞당길 수 있고, 고객은 기한 이익 상실의 사유를전혀예측할수없어고객에게부당하게불리한조항 으로 무효이다.",약관법 제6조 제2항 제1호,
10071,171122(조간)금융+관련+불공정약관+시정요청,계약해지·갱신 관련 조항,포괄적·추상적인 계약 해지 사유로 최고없이 해지가 가능하도록 한 조항,"【인터넷 FX(외환) 딜링거래 약정서】 제14조(계약불이행 등) ① 다음 각호의 경우에는 은행은 통지로써 본인과 체결한 모든 또는 일부 거래의 해지, 채무이행의 거부, 거래한도의 감축, 거래주문의 접수거절 등 은행이 필요한 조치를 취할 수 있습니다. 2. 본인이 이 약정서에 따른 채무 또는 은행에 대한 기타 채무를 불이행하는 경우","계약 해지는 고객의 계약상 권리·의무에 중대한 영향을 미치는 사항으로서, 불가피한 경우에 매우 제한적으로 인정되어야 할 뿐만 아니라, 그 사유 또한 구체적이고 명확하여야 할 것이다. 그런데 위약관조항은‘기타 채무의 불이행’이라는 포괄적·추상적인 사유로최고절차없이 즉시계약을해지할수있도록규정하고있어 고객이 불측의 손해를입을가능성이있다. 따라서 위 약관조항은법률에따른사업자의해지권의 행사 요건을 지나치게 완화하여 고객에게 부당하게 불이익을 줄 우려가 있는 조항으로 무효이다.",약관법 제9조 제3호,
10072,171226(조간)+여신전문금융+약관+시정요청,계약해지·갱신 관련 조항,리스료 1회 연체만으로 사전 최고없이 서비스를 중단하는 조항,【자동차 리스 이용 약관】 (차량의 유지 관리 서비스) 월 리스료를 1회라도 연체 이용자에게 사전 통지없이 하는 경우 회사는 리스 차량 점검 및 정비 서비스 제공을 중단할 수 있으며 리스 이용자는 회사의 행위에 대하여 일체의 항변을 할 수 없다.,일반적으로 자동차 리스 이용 계약에 있어 이용자가 리스료를 연체 할 경우사업자는 특별한 사정이 없는 한 정당한 계약 해지 절차를 거쳐 사전 통지 후 서비스 제공을 중단해야 한다. 그런데 위약관조항은리스이용자가월리스료를 1회연체한사실만 으로 사전 통지없이 차량점검및정비서비스를중단할수있도록 규정하고 있다. 따라서 위 약관 조항은 리스 이용자에게 예측하지 못한 손해를 야기 할 우려가 있으며 고객에게 부당하게 불리한 조항으로 무효이다.,약관법 제6조 제2항 제1호,
10073,171226(조간)+여신전문금융+약관+시정요청,기타 불공정 조항,리스 차량의 과다한 감가 비용 청구 조항,【자동차 리스 약관】 (사고 감가 규정) 차량을 반환하는 경우 차량 사고 및 단순 교체 유무에 따라 최초 차량 소비자 가격 에 아래의 부위별 사고 감가율을 적용하여 산출된 금액을 삼성카드에 납부하셔야 합니다.,"자동차 리스 이용계약상 차량을 반환하는 경우 이용자는 차량의 파손 등으로 인하여발생한차량감가비용을사업자에게배상해야한다. 이경우감가비용은시간이경과함에 따라 감가되는 차량의 특성을 감안하여반환시점의차량가격(중고차시세등)을기준으로감가비용을 산정함이 타당하다. 그러나위약관조항은반환시점의차량가격이 아닌최초 차량 가격 (신차 가격)을기준으로수리부위별가치하락금액을산정하도록하여, 감가비용이부당하게과다산정될수있다. 따라서 위약관조항은 계약의해지로인한원상회복의무를상당한이유 없이 고객에게 과중하게 부담시키고 있으며 고객에게 부당하게 불리한 조항으로무효이다.",약관법 제9조제4호및제6조제2항제1호,
10074,171226(조간)+여신전문금융+약관+시정요청,담보물·근저당 관련 조항,포괄 담보권 설정 조항,"【자동차 리스 이용 약관】 (담보 제공) 제1항의 담보권의 존속 기한은 별도의 약정이 없는 한 리스 이용자의 회사에 대한 모든 채무가 이행 완료될 때까지로 하되, 리스 이용자와 회사 간에 이 계약 이외에 거래가 있는 경우 제1항의 담보는 법률 및 성질에 의한 제한이 없는 한 리스 이용자의 회사에 대한 현재 및 장래의 모든 채무에 대하여 공동 으로 담보하는 것으로 하고 담보의 사용 순위는 관계 법령에서 정한 바에 따르 기로 한다.",자동차 리스 이용계약상 채권을 담보하기 위해 리스 이용자에게 담보 제공을 요구할경우그담보되는채권의범위는해당거래와관련 하여 발생하는 채권에 한정됨이 타당하다. 그러나 위 약관 조항은 담보되는 채권의 범위를 해당 자동차 리스 계약뿐만 아니라 리스회사에대한모든거래와관련하여현재및 장래의 채권을 담보하는 것으로 규정하고 있다. 따라서위 약관조항은 리스이용자에게예측하지못한손해를야기할 우려가 있으며 고객에게부당하게불리한조항으로무효이다.,약관법제6조 제2항 제1호,
10075,171226(조간)+여신전문금융+약관+시정요청,계약조건의 일방적 변경 조항,약관 변경 시 통지를 푸시 알림으로 하는 조항,"【모바일카드 이용 약관】 (약관의 효력 및 변경) 이 약관을 변경할 경우 ""회사""는 그 내용을 서면, 전화, 이메일, 단문메세지 서비스(SMS), 앱푸시 등을 통하여 통지하며, “회사”는 위 약관 변경 예정 통지 후 1개월 이내에 별도 계약해지 의사 표시를 하지 않는 경우 변경에 동의한 것으로 본다는 내용을 명시하여 통지합니다.",약관을 변경할 경우 고객이 그 내용을 충분히 알수있도록개별적 으로 통지하여 고객의권리를보장할필요가있다. 그러나앱푸시는 광고성정보를전송하는수단으로많이활용되고 있으며 앱이용자가수신거부로설정하는경우가많아개별통지방법 으로는타당하지않다. 따라서 위 약관 조항은 고객에 대한 개별 통지 방법으로 적절하지 않은 앱푸시 등을 통하여 통지하도록 하고 있어 고객에게 부당하게 불리한조항으로 무효이다.,약관법제6조제2항제1호,
10076,171226(조간)+여신전문금융+약관+시정요청,담보물·근저당 관련 조항,보험 가입 대행 조항,"【주택 담보 대출 약관】 (담보, 보험 등) “대출신청인”은 본 약정에 의한 제반 채무 및 장래 발생할 채무의 이행을 담보하기 위하여 신청서에 기재된 부동산에 대하여 유효한 근저당권을 설정하여 대출개시일 전에 “회사”에게 제공하며, 부동산 담보에 대하여 “회사”가 요청하는 경우 “회사”가 동의하는 종류와 금액의 보험에 가입하고 그 보험금 청구권에 “회사”를 위하여 질권을 설정하기로 합니다. 또한 동 보험가입은 “회사”가 대행할 수 있기로 합니다.","주택 담보 대출계약에 있어 채무 이행을 담보하기 위해 부동산에 근저당권을 설정하고 보험 가입을 요구할 수는 있으나, 고객이 어떤 보험회사의 보험에가입할지에대한선택권은보장되어야한다.
 
 그러나 위 약관조항은대출 신청인의 의사를 묻지 않고사업자가 일방적으로 보험가입을 대행할수있도록 규정하고 있다. 따라서 위 약관 조항은 사업자가 일방적으로 보험가입을 대행할수있도록규정하고있어고객에게부당하게 불리한조항으로무효이다.",약관법 제6조 제2항 제1호,
10077,180405(조간)+가상통화취급소의+불공정약관조항+시정,기타 불공정 조항,6개월 이상 미접속 회원의 가상통화에 대한 임의 현금화 조항,회사는 6개월 이상 접속이없는회원을 대상으로 보유하고 있는 가상화폐 또는 출금하지 않은 가상화폐를 예기치 않 은 사고로부터 보다 안전하게보관하기 위하여 당시 시세로 현금화하여 보관 할 수있습니다.,"고객이 보유하고 있는가상통화또는출금하지않은 가상 통화는 고객 소유의 재산이며, 처분 여부와 처분 시기 등은 특별한 사정이 없는한재산권자인 고객이 자유롭게 결정해야 할 것이다. 6개월미접속자에대해별도의최고나의사확인절차없이 회사가가상 통화를임의로현금화하는것은고객의재산권을침해할우려가있다. 따라서취급소가 고객의 의사확인없이‘6개월 이상 미접속’ 만을 이유로 고객 보유의 가상통화를 임의로 현금화할 수 있는 본 약관 조항은 법률에 따른 고객의 권리를 상당한 이유없이 배제하거나 제한하는 조항 그리고 고객에게 부당하게 불리한조항에 해당하여 무효이다",약관법 제11조 및 제6조,해당조항 전체 삭제 
10078,180405(조간)+가상통화취급소의+불공정약관조항+시정,면책·책임 제한 조항,손해 배상 방식으로 가상통화나 KRW포인트를 지급하는 조항,"회원이 회사에게 본 조에 의하여 손 해의 배상을청구할경우, 회사는 회 원의 의사와 관계없이 회원이 최종 적으로 보유한 것으로 확인되는 전 자지갑 내 가상화폐 또는 KRW 포 인트를 지급하는 방법으로 회원의 손해를 배상할 수 있습니다.","민법상손해배상책임은금전으로배상하는것이원칙이고(민법 제394조), 양 당사자의합의가있는경우에만다른방법에의할수있다. 본 조항은회사가이용자의의사와상관없이 손해배상의방법으로전자 지갑 내가상통화또는KRW포인트를지급할수있다고규정함으로써 손해배상의원칙과예외가전도되었을뿐만아니라, 사업자가 일방적 으로 손해배상의방법을결정하고있으므로부당하다. 따라서 본 약관 조항은 상당한이유없이급부의내용을사업자가 일방적으로결정할수있도록권한을부여한조항에해당하여무효이다",,"회원이 회사에게 본 조에 의하여 손 해의 배상을청구할경우, 회사는 원이 희망하는 경우에 한하여 회 회원 이 최종적으로 보유한 것으로 확인 되는 전자지갑 내 가상화폐 또는 KRW 포인트를 지급하는 방법으로 회원의 손해를 배상할 수 있습니다."
10079,180405(조간)+가상통화취급소의+불공정약관조항+시정,고객 선택권 제한 조항,부당한 입출금 제한 조항,회사는 다음 각호에해당하는경우회원의결제 이용을 제한할수있습니다.  결제 이용 금액이 과도한 경우  기타 회사의 운영 정책상 결제 이용을 제한해야 하는 경우 회사는 다음 각 호에 해당하는 경우 회원의 입금 및 출금 이용을 제한하거나 지연하여승인할수있습니다.  회원가입후첫출금액이과도한경우  기타회사의운영정책상입금및출금이용을제한하거나지연해야하는경우,"‘결제, 입금, 출금, 환전’등은가상통화거래서비스 이용의 본질적인 내용 중하나이므로, 그제한사유는이용자가 내용을 알수있도록 구체적으로규정해야한다. 그러나 본 조항은 ‘기타회사의 운영 정책상 결제 이용을 제한해야 하는 경우’ 등과 같이 그 제한 사유가 불분명하고 포괄적·자의적 으로 규정되어있어고객이예상하기어렵다. 따라서 본 약관 조항은 고객이 예상하기 어려운 조항 그리고 고객에게부당하게불리한조항에해당하여무효이다.",약관법제6조,
10080,180405(조간)+가상통화취급소의+불공정약관조항+시정,고객 선택권 제한 조항,자의적인 서비스 이용 제한 조항,"[로그인 제한], [계정 정지], [거래 정지], [일부 서비스 제한] 사유 중  기타: 관리자 판단  월간거래 이용금액이 과도한경우  장기간 미접속으로인한휴면조치","고객이 서비스의 이용을제한받는사유(로그인제한, 로그인 외 서비스 이용 불가, 매수·매도·입출금 제한)는 고객의 계약상 권리·의무에중대한 영향을미치는 사항이므로 그 제한 사유는 서비스 제한이 불가피한경우로 한정되어야하고, 구체적이고 명확 해야 할 것이다. 그러나 본 조항은 ‘거래 이용 금액이 과도한 경우’, ‘장기간 미접속’, ‘관리자 판단’ 과 같이 포괄적·자의적인 사유로 이용자의 서비스 이용을 제한하고 있어고객이예상하기어렵다. 따라서 본 약관 조항은 고객이 예상하기 어려운 조항 그리고 고객에게 부당하게 불리한조항에 해당하여 무효이다.",약관법제6조,
10081,180405(조간)+가상통화취급소의+불공정약관조항+시정,면책·책임 제한 조항,아이디와 비밀번호 관리 책임 조항,"아이디와 비밀번호에 관한 모든 관리 책임은 회원에게 있습니다. 회원에게 부여 된 아이디와 비밀번호의 관리소홀, 부정사용에 의하여 발생하는 모든 결과에 대 한 책임은 회원에게 있습니다","사업자는 고객의정보가저장된 서버를 제대로 유지· 관리하고, 해킹 등을 막기 위한 보안 시스템 및 절차를 수립하는 등 선량한 관리자로서의 주의 의무를 다해야 한다. 위조항은회사에게 이용자의 아이디, 비밀번호와 관련한 서버 관리 소홀 등의 귀책 사유가 있는 경우까지도 이용자에게 모든 관리 책임을 떠넘기고 있어 이용자에게 부당하게 불리하다. 따라서 해당 약관 조항은 사업자의 고의 또는 중대한 과실로 인한 법률상의 책임을 배제하는 조항 및 사업자가 부담해야 할 위험을 고객에게 떠넘기는 조항 그리고고객에게 부당하게 불리한 조항에 해당하여무효이다.","약관법제7조, 제6조",
10082,180405(조간)+가상통화취급소의+불공정약관조항+시정,고객 선택권 제한 조항,광고성 정보의 수신 거부 방법을 회원 탈퇴로 한정하는 조항,"회사는 회원의 명시적인 수신거부의사에 반하여 제휴한 서비스의 광고성 정보 를 전송하지 않습니다. 단, 회사는 제휴서비스의 이용편의를 위하여 이용안내 및 상품정보 등의 SMS 및 SMS URL을 전송할 수 있으며 회원은 원치 않을 경우 회원가입탈퇴를 통해 정보수신거부를 할 수 있습니다.","사업자가 고객에게 영리 목적의 광고성 정보를 전송하고자 하는 경우에는 고객의 명시적 사전 동의를얻어야하고, 고객이 수신거부의 의사를 표시하는경우에는광고성정보를 전송 해서는 안된다. 그러나 본 조항은 광고성 정보의 수신 여부와 회원 자격의 유지 여부는 아무런 상관관계가없음에도수신 거부의 방법을 회원 가입 탈퇴에 한정시킴으로써, 이용자가 회원 자격을 유지하면서도 원치않는광고성정보의수신여부를자유롭게선택할수없도록 규정하고 있다. 따라서 본 약관조항은 고객에게 부당하게 불리한 조항에해당 하여 무효이다.","정보통신망이용촉진및정보보호등에관한법률제50조, 약관법제6조",
10083,180405(조간)+가상통화취급소의+불공정약관조항+시정,계약해지·갱신 관련 조항,이용 계약의 중지 및 해지 조항,회사는 회원이 다음 각 호의 하나에 해당하는 행위를 하였을 경우 시간을 정하 여 서비스 이용을 제한하거나 이용 계약을 해지할 수 있습니다.  본약관을포함하여기타 회사가 정한 이용 조건에 위반한경우  기타회사의서비스개선을위한회사정책상 불가피한경우  운영자 또는 관리자가 이용에 부적합하다고 판단하는 경우,"계약의 중지(중단) 및 해지는 고객의 계약상 권리·
 
 의무에 중대한 영향을 미치는 사항으로, 그 사유를 규정하더라도
 
 계약 해지가 불가피한경우로한정되어야할뿐만아니라 구체적이고
 
 명확하게 해야 한다. 그러나 본 조항은 ‘회사의 운영 정책’, ‘관리자의 판단’ 과 같은
 
 포괄적이고 자의적인사유로최고의절차없이 사업자가일방적으로 
 
 해지할 수 있도록 규정하고 있어 이용자에게 부당하게 불리하다. 따라서 고객이 예상하기 어려운조항 및고객에게부당하게불리한
 
 조항, 사업자에게법률에서규정하고있지않은해지권을부여하거나 
 
 법률의 규정에 의한 사업자의 해지권의 행사 요건을 완화하여 
 
 고객에게부당하게불이익을줄우려가있는 조항에해당하여무효
 
 이다.","약관법 제6조, 제9조",
10084,180405(조간)+가상통화취급소의+불공정약관조항+시정,면책·책임 제한 조항,이용 계약의 종료에 따른 손해 배상 조항,"이용계약은 회원 또는 회사의 해지에 의해 종료됩니다. 회원의 해지에 의한 이 용계약의 종료와 관련하여 발생한 손해는 이용계약이 종료된 해당 회원이 책 임을 부담하여야 하고, 회사는 일체의 책임을 지지 않습니다.","근대 민법의 기본 원리인 과실 책임의 원칙에따라 사업자의 고의 또는 과실로 인해 회원이나 제3자에게 손해가 발생 했다면 사업자는 이에대한손해 배상 책임을져야한다.(민법제750조) 회원의 해지에 의한 이용 계약의 종료와 관련하여 발생한 손해에 대해 ‘회사는 일체의 책임을 지지 않는다’는 부분은 손해의 발생에 회사의 고의 또는 과실이 있는 경우에도 면책되는것으로해석될 여지가 있으며, 이는 과실 책임의 원칙에 반하는 것이다. 따라서 본 약관 조항은 사업자의 고의 또는 중대한 과실로 인한 법률상의 책임을 배제하는 조항 및 사업자가 부담해야 할 위험을 고객에게떠넘기는조항 그리고고객에게부당하게 불리한 조항에 해당하여 무효이다.","약관법제7조, 제6조",
10085,180405(조간)+가상통화취급소의+불공정약관조항+시정,면책·책임 제한 조항,링크된 사이트에 관한 면책 조항,회사는 회사에 링크된 사이트가 취급하는 상품 또는 용역에 대하여 보증책임을 지지 아니합니다. 회사와 회사에 연결된 사이트는 독자적으로 운영되며 회사는 회사 연결사이트와 회원간에 행해진 거래에 대하여 어떠한 책임도 지지 아니 합니다.,"사업자는 링크행위를통하여상품또는용역에대한 정보등을간접적으로제공하거나제공받으므로링크된사이트가명백히 불법적인 경우, 허위의 정보를 제공하는 경우 등에는 링크 행위자인 사업자의 귀책 사유를 인정할수있다. 그러나본조항은취급소에링크된연결사이트와회원간의거래에 대해 취급소는 어떠한 책임도 지지 않는다고 규정하여이용자에게 부당하게 불리하다. 따라서본 약관조항은 사업자의 고의 또는 중대한 과실로 인한 법률상의 책임을 배제하는 조항 및사업자가 부담해야 할 위험을 고객에게 떠넘기는 조항 그리고 고객에게 부당하게 불리한 조항에 해당하여 무효이다.","약관법제7조, 제6조",
10086,180405(조간)+가상통화취급소의+불공정약관조항+시정,면책·책임 제한 조항,광범위한 일반 면책 조항,"회사는 다음의경우에는책임을 지지 않습니다.  가상화폐발행관리시스템또는통신서비스업체의서비스불량으로 인한또는 정기적인 서버점검기간으로인하여가상화폐전달에 하자가 발생하였을 경우  전기통신사업법에 의한 타 기간 통신사업자가 제공하는 전기통신서비스 장애로 인한경우  거래소에 등록된가상화폐의내용에 대한일체의책임  정보통신망에 대한감청, 회원PC에 대한Hacking 등의 경우  기타이와유사한사유로인한시스템장애, 회선장애또는중단의경우  회원의 서비스 이용 과정에서발생하는 명예훼손 기타 불법행위로 인한 각종 민형사상 책임  이용자의게시또는전송한자료의내용등","전시·사변·홍수·지진기타이에준하는천재지변 등과 같은 불가항력적인 사유를 제외하고, 사업자의 고의 또는 과실로 인한 행위로 회원이나 제3자에게 손해가 발생하였다면 사업자는손해 배상 책임을져야하는것이민법상기본원칙이다. 취급소는 고객의 원활한 서비스 이용을 위해 통신 설비의 확충과 점검, 시스템과 서버의 주기적인 관리, 서버 용량의 확보, 내부 시스템 및 서버에 대한 보안 강화와 방화벽 시스템 구축 등 가상 통화 취급소 운영에 필요한 전반적인 시설과 내부 시스템 등을 구축하고 이를 유지·보수·관리해야 한다. 제3자의 DDOS 공격이나 해킹 등으로 인한 손해 발생의 원인에 가상통화취급소의 자체보안시스템상의하자, 서버의부실, 통신설비 관리의 잘못이나 직원의관리소홀등의귀책 사유가개입되어있다면 그에따른책임을지는것이 타당하다. 가상통화발행관리시스템의하자와가상통화취급소에등록된 가상통화의 관리와 관련한 주의의무 위반은 별개의 문제이므로 취급소에게 그 거래 운영과관련한귀책사유가있는경우에는책임을 지는 것이 타당하다. 따라서본 약관조항은 사업자의 고의 또는 중대한 과실로 인한 법률상의 책임을 배제하는 조항 및사업자가 부담해야 할 위험을 고객에게 떠넘기는 조항 그리고 고객에게 부당하게 불리한 조항에 해당하여 무효이다.","민법제750조, 약관법제7조, 제6조",
10087,190712(조간)씨제이푸드빌+롯데오토리스+불공정약관시정,기타 불공정 조항,일방적으로 손해 배상액을 미리 정하여 가맹점주에게 부과하는 조항,(손해배상액 예정) 가맹점주가 제19조 제7 항(부당이득의 취득금지)을 위반할 경우 가맹점주는 부당하게 취득한 이익액에 2 배에 해당하는 금액을 가맹본부에게 지불 하여야 한다.,"채권자가채무자의채무불이행에대해손해배상을 청구하려면 손해를 입증해야 하는데 입증이 곤란할 것을 대비하여 손해 배상액을 미리정하게된다.(민법 398조 제1항) 해당약관조항은가맹점주의부당행위에대한손해배상액예정조항만 있고, 가맹본부의 부당행위에대한손해배상액예정조항이없다. 이는 가맹본부가 가맹점주의 부당 행위로 인한 손해를 입증없이 손해 배상을 받을 수 있지만, 가맹점주는 가맹본부의 부당 행위로 인한손해를입증해야함을의미한다. 따라서가맹본부가손해배상액을미리정하여수월하게손해배상을 받게 되고, 가맹점주는 손해를 입증해야 하는 부담을 갖게 되어 부당하게 불리한 약관조항이므로무효이다.",민법 398조 제1항,해당조항 전체 삭제 
10088,190712(조간)씨제이푸드빌+롯데오토리스+불공정약관시정,면책·책임 제한 조항,과도한 대출금 반환 책임을 금융 중개인에게 부과한 조항,"‘금융중개인’이 알선한 대출이 다음 각호 중 어느 하나에 해당되는 경우, ‘금융중개 인’은 ‘사업자’의 청구 즉시 해당 대출신청 인에 대한 대출원리금, 지연이자, 기타 발생 비용을 ‘사업자’에게 즉시 반환하여야 하며, 이행 지체시에는 ‘사업자’의 반환청구일 다 음날로부터 반환일까지 반환청구금액에 대하여 연 29%의 지연이자를 가산하여 지급하여야 한다.","대출계약으로인해손해가발생할경우민법의 일반 원칙에 따라 손해를유발한주체에게책임을물어야한다. 해당 약관 조항은 대출에서 발생하는 모든 책임을 금융중개인이 부담하도록 정하고 있으며, 지연 이자율도‘이자제한법’ 등에 따른 최고 이자율(24%)을 초과하고 있다. 이는 상당한 이유없이 사업자가부담해야할위험을떠넘기는 조항 으로 무효이다.",약관법 제7조 제2호,"‘금융중개인’이 알선한 대출이 ’금융중개인’ 의 고의 또는 과실로 인하여 다음 각호 중 어느 하나에 해당되는 경우, ‘금융중개인’은 ‘사업자’의 청구 즉시 해당 대출신청인에 대한 대출원리금, 지연이자, 기타 발생비용을 ‘사업자’에게 즉시 반환하여야 하며, 이행 지체시에는 ‘사업자’의 반환청구일 다음날로부터 반환일까지 반환청구금액에 대하여 연 18%의 지연이자를 가산하여 지급하여야 한다"
10089,210729(조간) 8개 가상자산사업자의 불공정약관 시정권고,계약조건의 일방적 변경 조항,약관 개정 조항,회사가 약관을 개정할 경우에는 적용일자 및 개정사유를 명시하여 현행약관과 함께 회사 사이트의 초기화면이나 팝업화면 또는 공지사항란에 그 적용일자 7일 이전부터 적용일자 전날까지 공지합니다. 다만 그 개정이 회원에게 불리한 경우에는 적용일자 30일 전에 공지합니다. 게시되거나 통지된 후 7일 이내에 약관 개정에 이의를 제기하지 아니하는 경우 약관 개정에 동의한 것으로 본다라는 취지를 명확하게 고지하였음에도 회원이 명시적으로 거부의 의사표시를 하지 아니한 경우 회원이 약관 개정에 동의한 것으로 봅니다.,"당사자 일방이 계약을 해지한 때에는 각 당사자는 
 
 그 상대방에 대하여 소급하여 원상회복의 의무를 지게 되므로민법 
 
 제 조
 
 (
 
  548 ) 이미 수취한 대가 등이 있다면 계약해지되기 전까지의 정당한 
 
 대가와 귀책 여부에 따른 위약금 등을 제외하고는 원상회복 내지 
 
 반환하여야 한다. 
 
 , 
 
  아울러 가상자산 거래 서비스의 이용과 관련하여 발생하는 
 
 이자 수입 
 
 등이 있는 경우 그것이 고객의 재산권 내지 활동에 기반하여 발생한 것
 
 이라면 정당한 이유가 없는 이상 고객에게 반환되어야 한다.
 
  , 
 
  그러나 본 조항은 회원이 직접
 
 ‘
 
 구매하지 않고 선물받은 콘텐츠에 대하여 
 
 환불하지 않거나 최소 출금 가능금액 보다 적은 잔고
 
 ’
 
 및 절사금액에 대하여 반환하지 않고 소멸되도록 하였다.
 
  , 이자수입 
 
  따라서 본 약관조항은 계약의 해제 해지로 인한 고객의 원상
 
 ㆍ
 
 회복 청구권을 부당하게 포기하도록 하거나, 고객에게 부당하게 
 
 불리한 조항에 해당하여 무효이다","표준약관 제1028호 제 29조
약관법 제12조 및 제6",
10090,210729(조간) 8개 가상자산사업자의 불공정약관 시정권고,계약조건의 일방적 변경 조항,약관 외 준칙 조항,회사는 이 약관 외에 별도의 운영정책을 둘 수 있으며 이 약관에서 정하지 아니한 사항이나 해석에 대해서는 운영정책에 따릅니다.,"약관에서 정하지 아니한 사항에 대해 회사가 운영정책 으로 별도로 정할 수 있다고 하더라도, 약관에서 정한 사항을 제외한 모든 사항을운영정책에따르도록 하는 것은 그 내용과 범위가 지나치게 광범위하여 회원이 예측하기도어려우며사업자가 자의적으로 운영정책을 운용할 위험이 존재한다. 따라서 본 약관조항은 고객에게 부당하게 불리한 조항에 해당 하여 무효이다",약관법 제 6조,
10091,210729(조간) 8개 가상자산사업자의 불공정약관 시정권고,계약조건의 일방적 변경 조항,서비스 변경교체종료 및 포인트 취소제한 조항,"회사가 제공하는 서비스의 종류 및 내용은 회사의 사정에 의하여 변경, 교체 또는 종료될 수 있습니다. 회사는 이벤트 등으로 회원에게 임의적으로 KRW포인트를 부여할 수 있으며 해당 KRW 포인트는 회사 사정으로 인하여 포인트 적용이 취소될 수도 있습니다.","서비스의 변경종료등은 고객의 계약상 권리 의무에 중대한 영향을 미치는 사항으로 그 사유는구체적이고 명확하여야 하고, 사업자가 임의적으로 제공한 이벤트성 포인트는 사전에 안내된 합리 적인 사유를 기반으로 취소가 이루어져야 한다. , 그러나 본 조항은 ‘회사의 사정 과 같은 ’ ․ 추상적이고 불명확한 사유에 의거 서비스를 변경종료하거나 회원에게 지급된 포인트 적용을 취소할 수 있도록 하였다. 따라서 본 약관조항은 고객이 예상하기 어려운 조항 및 고객에게 부당하게 불리한 조항에 해당하여 무효이다",약관법 제 6조,
10092,210729(조간) 8개 가상자산사업자의 불공정약관 시정권고,계약해지·갱신 관련 조항,부당한 환불 및 반환 조항,"선물받은 콘텐츠 등 회원이 직접 유료로 구매하지 않은 콘텐츠는 환불 대상에서 제외됩니다.
 
 잔고가 최소 출금 가능 금액보다 적게 남아 있는 경우 회원에게 반환 되지 않으며, 이용계약 해지 시 모두 소멸됩니다.
 
 서비스 이용 과정상 회사가 취득하게 되는 이자 수입은 회사가 가상자산 대금 결제 서비스를 제공하는 대가로서의 성질을 가지며, 회원은 이에 대한 반환을 청구할 수 없습니다.
 
 절사된 금액에 대한 그 어떠한 보상도 회원에게 지급하지 아니합니다.","당사자 일방이 계약을 해지한 때에는 각 당사자는 
 
 그 상대방에 대하여 소급하여 원상회복의 의무를 지게 되므로 이미 수취한 대가 등이 있다면 계약해지되기 전까지의 정당한 대가와 귀책 여부에 따른 위약금 등을 제외하고는 원상회복 내지 
 
 반환하여야 한다. 아울러 가상자산 거래 서비스의 이용과 관련하여 발생하는 이자 수입 등이 있는 경우 그것이 고객의 재산권 내지 활동에 기반하여 발생한 것
 
 이라면 정당한 이유가 없는 이상 고객에게 반환되어야 한다.그러나 본 조항은 회원이 직접 구매하지 않고 선물받은 콘텐츠에 대하여 환불하지 않거나 최소 출금 가능금액 보다 적은 잔고, 이자수익 및 절사금액에 대하여 반환하지 않고 소멸되도록 하였다.따라서 본 약관조항은 계약의 해제 해지로 인한 고객의 원상 회복 청구권을 부당하게 포기하도록 하거나, 고객에게 부당하게 불리한 조항에 해당하여 무효이다","약관법 제9조 및 제6조
민법 제584조",
10093,210729(조간) 8개 가상자산사업자의 불공정약관 시정권고,계약조건의 일방적 변경 조항,스테이킹 및 노드 서비스 조항,"회사는 아래와 같은 사정이 발생한 경우 스테이킹(노드) 서비스로 인하여 지급된 보상을
 
 직권으로 취소하고 원상회복하거나 보상금의 지급을 보류할 수 있습니다.
 
 회원의 스테이킹 서비스의 비정상적 이용
 
 스테이킹 서비스 관련 블록체인 네트워크상 오류
 
 스테이킹 서비스 시스템의 오류
 
 기타 이에 준하는 사유","투자로 인한 수익은 고객의 재산으로 이런 수익의 ․ 취소보류 ․ 는 고객의 권리의무에 중대한 영향을 미치 는 사항이므로 그 사유를 규정하더라도 불가피한 경우로 한정되어야 할 뿐만 아니라 고객이 예측 가능하도록 구체적이고 명확하여야 한다. 그러나 본 조항은 사업자가 고객에게 ‘ 별도의 최고나 의사 확인 절차 없이 비정상적 이용 등의 불분명한 사유로 ’ 적으로 취소 보류 ㆍ 할 수 있도록 하였다. 또한, 시스템네트워크 ( 고객의 수익을 자의 )이 어떠한 시스템을 가리키는 것인지 불분명 하여 오류에 회사의 귀책사유가 있는 경우까지 보상을 취소 보류 할 수 있는 것으로 해석될 우려가 있다. 따라서 본 조항은 고객이 예상하기 어려운 조항 및 고객에게 부당 하게 불리한 조항에 해당하여 무효이다",약관법 제6조,
10094,210729(조간) 8개 가상자산사업자의 불공정약관 시정권고,계약조건의 일방적 변경 조항,영구적인 라이선스 제공 조항,"회원이 서비스 내에 게시한 게시물의 저작권은 저작권법에 의하여 보호를 받으며, 적법한 절차와 방법으로 회사에 다음과 같은 사용할 수 있는 영구적인 라이선스를 제공합니다.
 
 신규 서비스 개발, 프로모션 등을 위하여 게시물을 사용, 편집, 저장, 복제, 수정, 공개, 전송, 공개적 실연, 공개적인 게시, 배포할 수 있는 권리 게시물의 이차적 저작물 제작 및 배포할 수 있는 권리
 
 본 약관에 따른 이용계약을 해지되는 경우에도 위 라이선스는 존속됩니다.","저작재산권은 개별적으로 저작재산권자로부터 저작물 
 이용에 대한 허락을 받은 경우에 해당 저작물의 이용이 가능하다 온라인으로 다수 이용자와 계약 체결 시 약관을 통해 
 회원의 게시물 이용에 대한 허락을 받는다 하더라도 서비스 제공에 
 필요한 최소한의 범위 내에서 이용되어야 한다. 그러나, 본 조항은 사업자에게 회원의 게시물을 광범위하게 이용할 수 있는 라이선스(게시물을 사용, 편집, 저장, 복제, 이차적 저작물 제작 및 배포 등)를 부여하고 있으면서도 이러한 라이선스의 존속기간에 제한을 두고 있지 않다.
  한편, 콘텐츠 이용 허락 기간은회원이서비스 이용을 중단하는 때에종료
 
 된다고 보는 것이 타당하나 본 조항은 회원과의 이용계약이 해지된 
 
 후에도 합리적인 이유 없이 사업자가 회원의 게시물에 대한 라이선스를 
 
 보유하도록 하여 회원의 저작권 등 권리를 침해할 우려가 있다. 따라서 본
 
 약관조항은 고객에게 부당하게 불리한 조항에 해당
 
 하여 무효이다",약관법 제6조,
10095,210729(조간) 8개 가상자산사업자의 불공정약관 시정권고,계약해지·갱신 관련 조항,이용계약 중지 및 해지 조항,"회원이 서비스 내에 게시한 게시물의 저작권은 저작권법에 의하여 보호를 받으며, 적법한 절차와 방법으로 회사에 다음과 같은 사용할 수 있는 영구적인 라이선스를 제공합니다.
 
 · 신규 서비스 개발, 프로모션 등을 위하여 게시물을 사용, 편집, 저장, 복제, 수정, 공개, 전송, 공개적 실연, 공개적인 게시, 배포할 수 있는 권리 게시물의 이차적 저작물 제작 및 배포할 수 있는 권리
 
 본 약관에 따른 이용계약을 해지되는 경우에도 위 라이선스는 존속됩니다.","계약의 중지해지는 고객의 계약상 권리 의무에 중대한 
 
 영향을 미치는 사항이므로 그 사유를 규정하더라도 계약의 중지․해지가 
 
 불가피한 경우로 한정되어야 할 뿐만 아니라 고객이 예측 가능하도록 
 
 구체적이고 명확하여야 한다.
 
  그러나 본 조항의 '기타 본 약관에 위배되는 등' 은 경미하거나 
 
 사소한 약관 등의 의무를 위반한 경우에 까지도 계약을 해지할 
 
 우려가 있으며 부정한 용도 '회사의 합리적인 판단' 은 그 사유가 구체적으로 적시되어 있지 않고 포괄적 자의적으로 규정되어 있어 고객이 예상하기 어렵다. 
 
 따라서 본 약관조항은 사업자에게 법률에서 규정하고 있지 아니하는해지
 
 권을 부여하거나 법률의 규정에 의한 사업자의 해지권의 행사요건을 
 
 완화하여 고객에게 부당하게 불이익을 줄 우려가 있는 조항 및 계약의 
 
 해지 사유가 지나치게 포괄적 추상적으로 규정되어 있다는점에서 고객이 
 
 예상하기 어려운 조항에 해당하여 무효이다",약관법 제9조 및 제6,
10096,210729(조간) 8개 가상자산사업자의 불공정약관 시정권고,고객 선택권 제한 조항,서비스 이용제한 조항,"회원에게 다음 사유가 발생한 경우에는 회사는 서비스의 이용을 제한할 수 있습니다.
 
 월간 거래 이용금액이 과도한 경우
 
 비밀번호 연속 오류의 경우
 
 법령을 위반하거나 위반이 의심되는 경우","고객이 서비스의 이용을 제한받는 사유는 고객의 
 계약상 권리 의무에 중대한 영향을 미치는 사항이므로 
 그 사유를 규정
 하더라도 일부 서비스 제한이 불가피한 경우로 한정되어야 할 뿐만 
 아니라, 고객이 예측 가능하도록 구체적이고 명확하여야 한다.
 그러나 본 조항의 '월간 거래 이용금액이 과도한 경우' 와 같은 
 사유는 어느 정도의 금액이 과도한지 '비밀번호 연속 오류' 는 
 몇 회를 반복하여 오입력한 경우인지여부가 구체적으로 명시되어 있지 
 않아 회사의 자의적 판단으로 회원의서비스 이용을 제한할 수 있다. 
 또한 '법령을 위반하거나 위반이 의심되는 경우' 는 
 어떤 위반인지 여부가 구체적이지 않아 경미하거나 사소한 경우에 까지도 서비스 
 이용을 제한할 수 있는 등 포괄적자의적으로 규정되어 있어 고객이
 예상하기 어렵다.
 따라서 본약관조항은 고객이 예상하기 어려운 조항 및 고객에게
 부당하게 불리한 조항에 해당하여 무효이",약관법 제6조,
10097,210729(조간) 8개 가상자산사업자의 불공정약관 시정권고,면책·책임 제한 조항,"부당한 면책
 
 조항","회원이 변경사항을 회사에 알리지 않아 발생한 불이익에 대하여 회사는 책임지지 않습니다.
 
 회원이 회사의 통지를 확인하지 않아 발생한 불이익에 대하여 회사는 책임 지지 않습니다.
 
 회사는 회사에 링크된 사이트가 취급하는 상품 또는 용역에 대하여 보증책임을
 
 지지 아니합니다. 회사는 회사 연결사이트와 회원간에 행해진 거래에 대하여 어떠한 책임도 지지 아니합니다.","전시사변홍수지진 기타 이에 준하는 천재지변 등과 
 
 같은 불가항력적인 사유를 제외하고는 사업자의 고의 또는 과실로 인한 
 
 행위로 인해 고객에게 손해가 발생하였다면 사업자는 손해배상책임을 
 
 져야 하는 것이 민법상 기본원칙이고 이는 고객이나 제3자의 고의 또는 과실에 의한 행위와 사업자의 고의 또는 과실이 함께 경합하는 경우라도 마찬가지이다. 아울러, 사업자는 가상자산 거래 중개 등의 서비스를 제공하면서 
 
 고객들로부터 수수료를 받고 있는 자이고 특별한 사정이 없는 한 
 
 고객에게 원활한 서비스를 제공하기 위한 선량한 관리자로서의 주의
 
 의무를 다하여야 한다. 회원이 자신의 변경사항을 알리지 않았다 하더라도 회사가 선량한 
 
 관리자로서 보통의 주의만 했더라도 변경사항을 알 수 있었던 경우 등 
 
 회사의과실이 복합적으로 작용한 경우등에까지 회사의 모든 책임을 
 
 면제하는 것은 부당하며 회원이 통지를 확인하지 않아 입은 손해라
 
 , 
 
 고 
 
 하더라도 회사의 고의 또는 과실이 있는 경우에는 회사도 일정한 책임을 
 
 부담하여야 한다. 또한 사업자는 '링크'라는 적극적행위를 통하여 상품또는 용역내지는 이에대한 정보등을 간접적으로 제공하므로 링크된 사이트가 명백히 불법적인 경우나 허위의 정보를 제공하는 경우 등과 같은 
 
 경우에는 사업자의 귀책사유를 인정할 수 있다. '링크'는 사업자의 의사에따라 구성되고 배치되기때문에 거래소의 링크행위가 있음에도 어떠한 책임도 지지 않는 것은 링크를 선별, 
 
 배치한 주체의 행위에 대하여 무조건적인 면책을 하는 것이 되어 
 
 부당하다. 따라서 본 약관조항은 사업자의 고의 또는 중대한 과실로 인한 법률
 
 상의 책임을 배제하는 조항 및 사업자가 부담하여야 할 위험을 고객
 
 에게 전가하는 조항 그리고 신의성실의 원칙을 위반한 조항 및 고객
 
 에게 부당하게 불리한 조항에 해당하여 무효이다","약관법 제7조 및 제6조
민법 제 750조
민법 제760조",
10098,230908(조간) 은행 및 상호저축은행의 불공정 금융약관 시정요청,고객 선택권 제한 조항,은행이 자의적으로 서비스를 중단·제한·변경할 우려가 있는 조항,"【선불전자지급수단 이용약관(은행)】 제11조 이용의 제한 ① 다음 각 호 1의 경우에 △△△는 해당 이용자에 대한 서비스의 전부 또는 일부를 제한할 수 있습니다. 5. 기타 앱 등을 통하여 안내하는 사항을 위반한 경우 【자금관리시스템 개설 및 이용약관(은행)】 제6조 (서비스 중지 및 해지) ① 다음 각호의 1의 사유가 발생하는 경우 이 서비스를 해지하거나 중지할 수 있습니다. 4. ‘기업’의 이용수수료 연체가 발생한 경우 ② 전항 제4호의 경우 ‘은행’은 별도 통보 없이 해당 서비스를 중지시킬 수 있으며 ‘기업’에게 그 사실을 신속하게 통보하도록 합니다. 【체크카드 회원약관(개인회원용)(저축은행)】 제8조 (서비스의 내용) ② 서비스의 내용은 금융회사 등과 저축은행의 사정, 관련 법령, 정부부처의 가이드 라인 등에 따라 변경될 수 있습니다","서비스의 이용을 중단, 제한 및 변경하기 위해서는 ‘상당한 이유’가 
 
 있어야 하며, 그 사유가 추상적·포괄적이어서 고객이 예측하기 
 
 어렵거나 사업자가 자의적으로 판단하는 경우가 있어서는 안될 것이다.
 
  사업자가 사전에 정해지지 않은 사항을 “앱”을 통해 안내하는 
 
 경우 고객이 그 안내 사항을 예상하기 어려울 뿐만아니라 고객
 
 에게 정확히 전달된다고 보기도 어려우므로 앱을 통해 안내하는 
 
 사항을 서비스 제한 사유로 하는 것은 부당하다.
 또한, 서비스 이용을 중단, 제한하는 경우 채무이행이나 시정이 
 
 불가능하게 된 때 또는 관련 법규에서 금지하고 있는 경우 등 
 
 특별한 사정이 없는 한 시정기회나 이의제기 기회를 부여함이 
 
 타당하다.
 
  위 약관조항은 “기타 앱 등을 통하여 안내하는 사항을 위반한 경우” 등 
 
 그 사유가 지나치게 포괄적이거나, 사전통지 절차를 통한 고객의 
 
 시정기회를 부여하지 않아 ‘상당한 이유 없이 급부의 내용을 사업자가 
 
 일방적으로 변경하거나 사업자가 이행하여야 할 급부를 일방적으로 
 
 중지할 수 있게 하는 조항’ 및 ‘고객에게 부당하게 불리한 조항’으로 
 
 무효이다",약관법 제10조 제1호 내지 제2호 및 제6조 제2항 제1,
10099,230908(조간) 은행 및 상호저축은행의 불공정 금융약관 시정요청,계약해지·갱신 관련 조항,계약해지 사유를 추상적·포괄적으로 정한 조항,"【전자어음거래약관(은행)】 제14조 (전자어음거래의 해지) ③ 은행은 이용자가 ｢신용정보관리규약｣의 ‘신용도판단정보 중 연체정보, 대위변제･ 대지급정보, 부도정보, 금융질서문란정보와 관련인 정보’ 및 공공정보 대상자로 등록되고, 은행이 정한 전자어음발행거래계약 해지사유에 해당할 때에는 이 전자어음 거래를 해지하고 그 사실을 전자우편 등 이용자와 사전에 합의한 방법으로 이용자 에게 통지한다. 【멤버십서비스 이용약관(저축은행)】 제7조 (회원탈퇴 및 자격상실) ② 회원이 다음 각 호 중 하나의 사유의 해당하는 경우 저축은행은 회원의 자격을 상실시킬 수 있습니다. 3. 회원이 본 약관을 위반한 사실이 밝혀진 경우","계약은 당사자 일방이 임의로 무효화 시켜서는 안 되므로, 계약의 
 
 해제·해지 사유는 민법 규정이나 계약의 취지에 비추어 채무불이행 
 
 사유에 해당하여야 할 것이고 그 사유 또한 구체적으로 열거되어야 
 
 할 것이다.
 
  위 약관조항은 “은행이 정한 해지사유”, “본 약관을 위반” 등 계약
 
 해지 사유를 추상적·포괄적으로 정하여 은행이 자의적으로 판단할 
 
 우려가 있는 바, ‘사업자에게 법률에서 규정하고 있지 않은 해제권 
 
 또는 해지권을 부여하여 고객에게 부당하게 불이익을 줄 우려가 
 
 있는 조항’으로 무효이다",약관법 제9조 제2호,
10100,230908(조간) 은행 및 상호저축은행의 불공정 금융약관 시정요청,기타 불공정 조항,개별통지를 생략하거나 개별통지 수단이 부적절한 조항,"【주택담보 노후연금대출용 대출거래약정서(은행)】 제5조 대출이자율의 적용 및 변동 ① 대출이자율의 적용 제1조 제5항의 대출이자율은 대출약정일을 기준으로 산정된 금리입니다. 이 산정된 금리가 대출을 실행하는 날에 제2항의 사유 등에 의해 변동될 수 있습니다. 이 경우 에는 실제 적용할 대출이자율을 대출거래장에 표시하고, 개별통지는 생략합니다 【○○○ 체크카드 개인회원 약관(은행)】 제22조 (약관변경승인 등) ① 이 약관을 변경할 경우 . 은행은 그 내용을 변경약관 시행일로부터 1개월 이전까지 회원에게 서면, 전자우편(E-MAIL), 모바일앱 , 휴대폰 메시지 중 1가지 이상의 방법 으로 개별 통지하여 드립니다 . 【○○○ 인증서비스 이용약관(은행)】
 
 제9조 (회원에 대한 통지)
 
  ③ 은행은 불특정 다수 회원에 대한 통지의 경우 서비스 내 공지 화면 등에 게시
 
 함으로써 개별 통지에 갈음할 수 있습니다
 
 .","고객의 권리 또는 의무에 중대한 영향을 미치는 사안에 대해서는 
 
 고객에게 개별적으로 통지하여 고객이 해당 내용을 제 때 인지할 수 
 
 있도록 해야 할 것이며, 그 대상이 불특정 다수라고 하더라도 개별 
 
 통지하여 정확히 정보제공을 해야 한다.
 
 모바일앱 혹은 서비스 내 공지 화면은 특별한 사정이 없는 한 
 
 고객이 항상 확인할 것으로 기대하기 어려우므로 개별 통지 수단
 
 으로 적합하다고 볼 수 없다.
 
  위 약관조항은 대출실행일에 실제 적용할 대출이자율의 개별 통지를 
 
 생략하거나, 약관이 변경되는 경우 등 통지 내용의 중요도에 대한 고려 
 
 없이 모바일앱이나 공지 화면 게시로만 통지할 수 있어 ‘고객에게 
 
 부당하게 불리한 조항’으로 무효이다",약관법 제6조 제2항 제1호,
10101,230908(조간) 은행 및 상호저축은행의 불공정 금융약관 시정요청,기타 불공정 조항,"고객의 신용정보를 개별동의 없이 제공하거나, 자의적으로 활용할 수 있는 조항","【전자어음거래약관】 제38조 (정보제공․활용 동의) ② 은행은 이용자의 정보, 발행․수취․배서․보증․사고신고 내역 등의 정보를 관련 법령, 관련 약관 등에 따라 활용할 수 있다.","개인정보보호법, 신용정보법 등 관련법률의 규정에 따라 사업자가 개인신용정보를 수집 이용하거나 타인에게 제공하는 때에는 사전에 별도로 고객의 동의를 얻어야 한다. 개인신용정보가 아닌 기업의 신용정보를 활용하고자 할 경우에도 활용 목적 등을 구체적으로 정하여 신용정보주체에게 예측가능성이 부여되도록 해야 할 것이다. 위 약관조항은 이용자(신용정보주체인 개인 또는 기업)의 신용정보를 “관련 약관 등”에 따라 활용할 수 있게 함으로써 은행이 개인신용 정보를 사전 동의 없이 활용하거나 기업신용정보를 광범위하게 활용할 우려가 있어 ‘고객에게 부당하게 불리한 조항’으로 무효이다",약관법 제6조 제2항 제1호,
10102,230908(조간) 은행 및 상호저축은행의 불공정 금융약관 시정요청,면책·책임 제한 조항,은행에 대한 부당한 면책 조항,"【이용기관용 ○○○ 인증서비스 이용약관(은행)】 제11조 (서비스의 변경 및 중지) ④ 은행은 서비스의 변경, 중지로 발생하는 문제에 대해서는 어떠한 책임도 지지 않습니다 . 【멤버십서비스 이용약관(저축은행)】 제9조 (회원의 의무) ② 통지를 하지 않음으로써 발생하는 손해에 대하여 저축은행은 어떠한 책임 도 지지 않습니다 .","사업자의 고의 또는 과실로 인한 행위로 인해 고객에게 손해가 발생하였다면 사업자가 손해배상책임을 져야 하는 것이 민법상 기본원칙이다 위 약관조항은 은행의 고의 또는 과실 여부를 불문하고 모든 책임을 
 
 배제하고 있어 ‘사업자의 고의 또는 중대한 과실로 인한 법률상의 
 
 책임을 배제하는 조항’ 및 ‘고객에게 부당하게 불리한 조항’으로 무효이다",민법 제750조 약관법 제7조 제1호 및 제6조 제2항 제1호,
10103,230908(조간) 은행 및 상호저축은행의 불공정 금융약관 시정요청,고객 선택권 제한 조항,고객의 이의제기권을 상당한 이유 없이 배제하는 조항,"【비대면채널 대출상품 서비스 이용약관(기업용)】
 
 제4조 대출약정
 
 ④ 이용자는 대출을 신청함에 있어서 각 항목을 사실대로 기재하며, 만일 기재내용이 사실과 다를 경우 은행이 대출 승인을 취소하거나 대출읋 회수하더라도 이의를 제기하지 않기로 합니다.","고객이 기재한 내용이 사실과 다르다는 이유 등으로 대출 회수 등의 조치가 취해지는 경우, 고객은 기재 내용의 진위 여부나 자신의 귀책사유에 대해 이의를 제기하여 다툴 수 있어야 할 것이다. 위 약관조항은 고객의 이의제기권을 확정적으로 포기하도록 하여 고객이 기재 내용의 진위 여부나 자신의 귀책사유를 다툴 수 있는 일체의 기회를 차단하므로, ‘법률에 따른 고객의 권리를 상당한 이유 없이 배제하거나 제한하는 조항’으로 무효이다",약관법 제11조 제1호,
10104,230908(조간) 은행 및 상호저축은행의 불공정 금융약관 시정요청,기타 불공정 조항,고객의 부작위에 대하여 의사표시를 의제하는 조항,"【예금거래기본약관(은행】 제18조 수수료 ⑤ 거래처는 제4항의 고지 후 변경된 수수료표 시행일 전영업일까지 서면에 의한 통지로 계약을 해지할 수 있으며, 이 기간 내에 거래처의 서면에 의한 이의가 은행에 도달하지 않으면 이를 승인한 것으로 본다 .","고객의 작위나 부작위가 고객의 진정한 의사와는 관계없이 특정 
 
 의사표시로 의제되는 경우에는 자신도 알지 못하는 사이에 불리해
 
 지거나 원하지 않는 효과가 발생될 위험이 있다. 따라서, 의사표시 의제조항은 ‘일정한 작위 또는 부작위가 있을 경우 
 
 고객의 의사표시가 표명된 것으로 본다’라는 뜻을 사전에 따로 개별 
 
 고지하도록 하는 경우에만 예외적으로 허용될 수 있다. 
 
 위 약관조항은 ‘고객의 별도 의사표시가 없는 경우 수수료 변경을 
 
 승인한 것으로 본다’라는 뜻을 따로 개별 고지하도록 하는 내용 없이 
 
 의사표시 의제를 규정하고 있어 ‘일정한 부작위가 있을 경우 고객의 
 
 의사표시가 표명된 것으로 보는 조항’으로 무효이다",약관법 제12조 제1호,
10105,230908(조간) 은행 및 상호저축은행의 불공정 금융약관 시정요청,기타 불공정 조항,은행에게 상계권(채무변제 충당권)을 포괄적으로 부여한 조항,【외화예금거래기본약관】 제8조 (지급특례) 은행은 예금주의 수표·지급청구서 없이 이 예금을 예금주의 은행에 대한 다음 각 호의 채무변제에 충당할 수 있습니다. 3. 기타 대체결제가 필요하다고 인정되는 채무,"고객의 예금을 은행에 대한 채무변제에 충당하는 지급특례는 고객의 이해에 중대한 영향을 미치는 사안이므로, 고객이 예측할 수 있도록 그 요건과 변제 대상 채무의 종류를 구체적으로 정하여야 할 것이다. 위 약관조항은 은행에게 채무변제 충당권을 포괄적으로 부여하여 고객의 예금이 어떤 채무의 변제에 충당되는지를 예측할 수 없어 ‘고객에게 부당하게 불리한 조항’으로 무효이다",약관법 제6조 제2항 제1호,
10106,여신전문금융분야불공정 약관 시정요청,계약조건의 일방적 변경 조항,사업자가 자의적으로 서비스를 중단·제한·변경할 우려가 있는 조항 (33개 조항),"【대출비교서비스 이용약관】
  회사는 운영상, 경영상, 기술상의 필요 또는 금융회사등과의 계약 종료에 따라 대 출비교서비스의 전부 또는 일부 내용을 수시로 변경하거나 대출비교서비스를 중단, 종료할 수 있습니다.","서비스의 이용을 중단, 제한 및 변경하기 위해서는 ‘상당한 이유’가 있어야 하며, 그 사유가 추상적·포괄적이어서 고객이 예측하기 어렵거나 사업자가 자의적으로 판단하는 경우가 있어서는 안 될 것이다.
  또한, 서비스가 고객에게 불리하게 변경될 경우에는 개별 통지함 으로써 해당 거래의 지속 여부 또는 부가서비스 이용계획 변경 등의 기회를 부여함이 타당하다.
  신용카드 해외결제를 위한 세계적 브랜드사(비자, 마스터 등)의 제휴 서비스의 경우, 부가기능이지만 고액의 프리미엄 멤버십가입을 선택하는 고객에게 사전 고지 없는 서비스 변경‧중단은 권리침해 정도가 크다고 할 수 있다.
  참고로『금융소비자 보호에 관한 감독규정』에 따르면 부가서비스를 변경 하는 경우 변경일 6개월 이전에 고객에게 개별 고지하는 것을 원칙으로 정하고 있다.
  해당 약관조항들은 서비스 중단, 변경 등의 사유가 지나치게 포괄적 이고, ‘상당한 이유 없이 급부의 내용을 사업자가 일방적으로 변경 하거나 사업자가 이행하여야 할 급부를 일방적으로 중지할 수 있게 하는 조항’ 및 ‘고객에게 부당하게 불리한 조항’으로 무효이다","약관법 제10조 제1호
약관법 제10조 제2호
약관법 제6조 제2항 제1호",
10107,여신전문금융분야불공정 약관 시정요청,계약조건의 일방적 변경 조항,사업자가 자의적으로 서비스를 중단·제한·변경할 우려가 있는 조항 (33개 조항),"【신용카드 서비스 안내장】
  인천공항 발레파킹, 김포공항 발레파킹
  상기 서비스의 제공 및 이행에 관한 책임은 전적으로 실제 서비스를 제공하는 제 휴사에 있으며 사전 고지없이 중단 또는 변경될 수 있습니다.","서비스의 이용을 중단, 제한 및 변경하기 위해서는 ‘상당한 이유’가 있어야 하며, 그 사유가 추상적·포괄적이어서 고객이 예측하기 어렵거나 사업자가 자의적으로 판단하는 경우가 있어서는 안 될 것이다.
  또한, 서비스가 고객에게 불리하게 변경될 경우에는 개별 통지함 으로써 해당 거래의 지속 여부 또는 부가서비스 이용계획 변경 등의 기회를 부여함이 타당하다.
  신용카드 해외결제를 위한 세계적 브랜드사(비자, 마스터 등)의 제휴 서비스의 경우, 부가기능이지만 고액의 프리미엄 멤버십가입을 선택하는 고객에게 사전 고지 없는 서비스 변경‧중단은 권리침해 정도가 크다고 할 수 있다.
  참고로『금융소비자 보호에 관한 감독규정』에 따르면 부가서비스를 변경 하는 경우 변경일 6개월 이전에 고객에게 개별 고지하는 것을 원칙으로 정하고 있다.
  해당 약관조항들은 서비스 중단, 변경 등의 사유가 지나치게 포괄적 이고, ‘상당한 이유 없이 급부의 내용을 사업자가 일방적으로 변경 하거나 사업자가 이행하여야 할 급부를 일방적으로 중지할 수 있게 하는 조항’ 및 ‘고객에게 부당하게 불리한 조항’으로 무효이다","약관법 제10조 제1호
약관법 제10조 제2호
약관법 제6조 제2항 제1호",
10108,여신전문금융분야불공정 약관 시정요청,계약조건의 일방적 변경 조항,사업자가 자의적으로 서비스를 중단·제한·변경할 우려가 있는 조항 (33개 조항),"【신용카드 서비스 안내장】
 ᄋᄋ 브랜드 서비스에 대한 구체적 내용 및 적용기준, 변동사항은 ᄋᄋ 카드사의 내부 약관 및 서비스 규정을 따릅니다","서비스의 이용을 중단, 제한 및 변경하기 위해서는 ‘상당한 이유’가 있어야 하며, 그 사유가 추상적·포괄적이어서 고객이 예측하기 어렵거나 사업자가 자의적으로 판단하는 경우가 있어서는 안 될 것이다.
  또한, 서비스가 고객에게 불리하게 변경될 경우에는 개별 통지함 으로써 해당 거래의 지속 여부 또는 부가서비스 이용계획 변경 등의 기회를 부여함이 타당하다.
  신용카드 해외결제를 위한 세계적 브랜드사(비자, 마스터 등)의 제휴 서비스의 경우, 부가기능이지만 고액의 프리미엄 멤버십가입을 선택하는 고객에게 사전 고지 없는 서비스 변경‧중단은 권리침해 정도가 크다고 할 수 있다.
  참고로『금융소비자 보호에 관한 감독규정』에 따르면 부가서비스를 변경 하는 경우 변경일 6개월 이전에 고객에게 개별 고지하는 것을 원칙으로 정하고 있다.
  해당 약관조항들은 서비스 중단, 변경 등의 사유가 지나치게 포괄적 이고, ‘상당한 이유 없이 급부의 내용을 사업자가 일방적으로 변경 하거나 사업자가 이행하여야 할 급부를 일방적으로 중지할 수 있게 하는 조항’ 및 ‘고객에게 부당하게 불리한 조항’으로 무효이다","약관법 제10조 제1호
약관법 제10조 제2호
약관법 제6조 제2항 제1호",
10109,여신전문금융분야불공정 약관 시정요청,계약조건의 일방적 변경 조항,사업자가 자의적으로 서비스를 중단·제한·변경할 우려가 있는 조항,"【신용카드 서비스 안내장】
  본 서비스는 제휴 골프장의 사정에 따라 불가피하게 변경 또는 중단될 수 있습니다.","서비스의 이용을 중단, 제한 및 변경하기 위해서는 ‘상당한 이유’가 있어야 하며, 그 사유가 추상적·포괄적이어서 고객이 예측하기 어렵거나 사업자가 자의적으로 판단하는 경우가 있어서는 안 될 것이다.
  또한, 서비스가 고객에게 불리하게 변경될 경우에는 개별 통지함 으로써 해당 거래의 지속 여부 또는 부가서비스 이용계획 변경 등의 기회를 부여함이 타당하다.
  신용카드 해외결제를 위한 세계적 브랜드사(비자, 마스터 등)의 제휴 서비스의 경우, 부가기능이지만 고액의 프리미엄 멤버십가입을 선택하는 고객에게 사전 고지 없는 서비스 변경‧중단은 권리침해 정도가 크다고 할 수 있다.
  참고로『금융소비자 보호에 관한 감독규정』에 따르면 부가서비스를 변경 하는 경우 변경일 6개월 이전에 고객에게 개별 고지하는 것을 원칙으로 정하고 있다.
  해당 약관조항들은 서비스 중단, 변경 등의 사유가 지나치게 포괄적 이고, ‘상당한 이유 없이 급부의 내용을 사업자가 일방적으로 변경 하거나 사업자가 이행하여야 할 급부를 일방적으로 중지할 수 있게 하는 조항’ 및 ‘고객에게 부당하게 불리한 조항’으로 무효이다","약관법 제10조 제1호
약관법 제10조 제2호
약관법 제6조 제2항 제1호",
10110,여신전문금융분야불공정 약관 시정요청,계약해지·갱신 관련 조항,계약해지 사유를 추상적·포괄적으로 정한 조항,"【오픈뱅킹서비스 이용약관】
  제6조 (이용계약의 해지)
  3“회사”는 “이용자”에게 다음 각 호에 해당하는 사유가 발생하거나 확인된 경우 “이용계약”을 해지할 수 있습니다.
  5. 기타 본 약관에 위배되거나 위법 또는 부당한 거래가 확인된 경우","계약의 해제·해지는 비록 의무위반이 있다고 하더라도 그것이 경미한 것이어서 계약의 존속에 영향을 줄 정도가 아니면 엄격히 제한 되어야 하고 그 사유 또한 구체적으로 열거되어야 할 것이다.
  위 약관조항 등은 “본 계약에 위배”, “부당한 거래” 등 계약해지 사유를 추상적·포괄적으로 정하여 사업자가 자의적으로 판단할 우려가 있는 바, ‘사업자에게 법률에서 규정하고 있지 않은 해제권 또는 해지권을 부여하여 고객에게 부당하게 불이익을 줄 우려가 있는 조항’으로 무효이다",약관법 제9조 제2호,
10111,여신전문금융분야불공정 약관 시정요청,기타 불공정 조항,개별통지 수단이 부적절하거나 개별통지를 생략한 조항,"【ᄋᄋᄋ 앱카드 이용약관】
  제 13조 (조회·이체 서비스, 해외송금서비스)
  4 “회사”는 “회원”의 서비스 이용에 따른 수수료를 부과할 수 있으며, 수수료를 부과하려는 경우에는 그 부과 기준과 부과 액수에 관하여 “○○○ 앱”에 게재 하거나 SMS, PUSH 메시지 등을 통하여 안내합니다.","고객의 권리 또는 의무에 중대한 영향을 미치는 사안에 대해서는 고객에게 개별적으로 통지하여 고객이 해당 내용을 제 때 인지할 수 있도록 해야 할 것이며, 그 대상이 불특정 다수라고 하더라도 개별 통지하여 정보제공을 정확히 해야 한다.
  그러나, 모바일앱 내 공지화면은 고객이 항상 확인할 것을 기대 하기 어렵고, 앱 푸쉬의 경우 광고성메세지 차단을 위해 수신 거부로 설정하는 경우가 많아 개별 통지 수단으로 적합하다고 할 수 없다.
  위 약관조항은 이용내역 조회, 이체 시 부과되는 수수료 등 중요한 사안을 앱 내 게시 또는 부적절한 수단으로 통지하거나, 연락처를 보유하고 있지 않은 경우 대체통지 방법을 따로 규정하지 않고 개별통지 절차를 생략할 수 있어 ‘고객에게 부당하게 불리한 조항’ 으로 무효이다",약관법 제6조 제2항 제1호,
10112,여신전문금융분야불공정 약관 시정요청,기타 불공정 조항,개별통지 수단이 부적절하거나 개별통지를 생략한 조항,"【ᄋᄋᄋ 충전카드 회원 이용약관】
  제4조(선불카드의 유효기한 및 재발급)
  5 카드사는 선불카드 잔액이 존재하는 회원 등에게 유효기한 만료 1개월 전 교체 발급 및 환불에 대한 사항을 휴대폰 문자메시지 서비스로 안내하여 드립니다. 다만, 카드사가 회원 등의 휴대폰 연락처를 보유하고 있지 않거나 연락처가 유효하지 않은 경우에는 그러하지 아니합니다.","고객의 권리 또는 의무에 중대한 영향을 미치는 사안에 대해서는 고객에게 개별적으로 통지하여 고객이 해당 내용을 제 때 인지할 수 있도록 해야 할 것이며, 그 대상이 불특정 다수라고 하더라도 개별 통지하여 정보제공을 정확히 해야 한다.
  그러나, 모바일앱 내 공지화면은 고객이 항상 확인할 것을 기대 하기 어렵고, 앱 푸쉬의 경우 광고성메세지 차단을 위해 수신 거부로 설정하는 경우가 많아 개별 통지 수단으로 적합하다고 할 수 없다.
  위 약관조항은 이용내역 조회, 이체 시 부과되는 수수료 등 중요한 사안을 앱 내 게시 또는 부적절한 수단으로 통지하거나, 연락처를 보유하고 있지 않은 경우 대체통지 방법을 따로 규정하지 않고 개별통지 절차를 생략할 수 있어 ‘고객에게 부당하게 불리한 조항’ 으로 무효이다",약관법 제6조 제2항 제1호,
10113,여신전문금융분야불공정 약관 시정요청,담보물·근저당 관련 조항,부적절한 사유 또는 사전절차 없이 기한의 이익을 상실시키는 조항,"【중고승용재고금융제휴약정서】
  제10조(기한이익의 상실)
  ""갑""은 ""을""에게 서면으로 다음 각 호의 사유 및 이에 따라 다음 각 호의 사유
  발생 즉시 기한의 이익을 상실하였다는 사실을 함께 통지 후, 기한이익을 상실하며 ""갑""은 ""을""의 잔여원리금에 대하여 일시불 지급을 청구하고, 담보 또는 강제 집행 을 실행할 수 있습니다.
  1. ""을""이 매월 상환하기로 약정한 대출원리금을 납입하지 못한 경우
  2. ""을"" 또는 연대보증인이 신용 정보의 이용 및 보호에 관한 법률 제 17조 제1항 에 의거 지정된 신용정보 집중기관으로부터 신용불량자로 등록된 경우
  3. 담보로 제공한 재산에 대하여 강제집행조치 등의 신청이 있거나 체납처분 압류 통지가 발송된 경우","기한의 이익을 상실하면 고객은 그 즉시 채무를 갚아야 하고, 지연 이자가 발생하므로, 기한의 이익 상실 요건 및 통지 절차는 고객의 이해에 중대한 영향을 미친다.
  고객이 금융기관에 담보로 제공한 재산에 체납처분 압류 효력이 생겨 기한의 이익 상실 사유가 발생한 때는, 압류통지가 도달한 때라고 보아야 한다.
  또한 금융기관은, 기한의 이익 상실 사유가 발생하더라도 사전 통지를 통해 해당 사유를 시정할 기회, 즉 변제, 압류해소, 신용회복 등의 조치를 부여할 필요가 있다.
  즉, 기한의 이익 상실 사유를 약관으로 정하는 경우, 독촉 절차 없이 즉시 기한의 이익을 상실시키는 사유는 채무자의 신용이 심각하게 훼손되는 경우로 제한할 필요가 있다.
  참고로『은행여신거래기본약관(기업용)』에 따르면 은행은 고객이 채무를 기한내 변제하지 않는 경우, 서면으로 변제 해소를 독촉하고, 독촉 후 10일 이상 경과하면 기한의 이익을 상실을 고객에게 통지할 의무를 정하고 있다.
  위 약관조항은 압류통지가 발송된 때를 기한의 이익 상실 사유가 발생한 것으로 정하거나, 미상환 대출원리금에 대해 독촉하는 절차 등과 같은 시정 기회를 부여하지 않고 있어 고객에게 부당하게 불리한 조항으로 무효이다",약관법 제6조 제2항 제1호,
10114,여신전문금융분야불공정 약관 시정요청,기타 불공정 조항,고객의 부작위에 대하여 의사표시를 의제하는 조항,"【ᄋᄋᄋ선불카드 표준약관】
  제5조(선불카드와 소멸시효)
  2 은행은 소멸시효가 완성된 선불카드의 미사용 잔액을 여신전문금융업협회가 설 립한 기부금관리재단에 기부할 수 있습니다. ...(중략)...
  3 ...(중략)... 다만, 통지를 받은 회원이 30일 이내에 이의를 제기하지 않는 경우에 는 기부에 동의한 것으로 간주합니다.","고객의 작위나 부작위가 고객의 진정한 의사와는 상관없이 특정 의사표시로 간주되는 경우에는 자신도 모르는 사이에 불리해지거나 원하지 않는 효과가 발생될 위험이 있다.
  따라서, 의사표시 의제조항은 ‘일정한 작위 또는 부작위가 있을 경우 고객의 의사표시가 표명된 것으로 본다.’라는 뜻을 사전에 개별 고지하도록 하는 경우에만 예외적으로 허용될 수 있다
  이때 ‘사전 개별 고지’란 계약 체결 당시 교부된 약관에 의한 고지와는 별개로 이루어져야 한다.
  위 약관조항은 ‘고객의 별도 의사표시가 없는 경우 선불카드 미 사용 잔액 등의 기부에 동의한 것으로 본다.’라는 뜻을 따로 개별 고지하도록 하는 내용 없이 의사표시 의제를 규정하고 있어, 일정한 부작위가 있을 경우 고객의 의사표시가 표명된 것으로 보는 조항으로 무효이다","약관법 제12조 제1호
약관심사지침 III.8.가.",
10115,여신전문금융분야불공정 약관 시정요청,기타 불공정 조항,기타 불공정 약관 유형,고객의 접근매체의 분실 또는 도난 등이 통지 전에 발생할 수 있는 경우 모든 책임을 고객이 부담하게 한 조항,고객이 접근매체의 분실 등의 사실을 알리지 않아도 금융회사는 선량한 관리자로서의 주의의무가 있음에도 불구하고 사업자가 부담하여야 할 위험을 모두 고객에게 떠넘기고 있어서 부당,여신전문금융업법 제16조 제5항,
10116,여신전문금융분야불공정 약관 시정요청,기타 불공정 조항,기타 불공정 약관 유형,리스물건이 멸실되어 이용자가 사용할 수 없는 중대한 사정변경이 발생한 경우에도 금융리스회사에서 계약을 해지하지 않는 한 고객은 채무의 이행을 거절할 수 없도록 정한 조항,법률에 따른 고객의 항변권을 상당한 이유없이 제한할 우려가 있어서 부당,상법 제168조 제5항 제3호,
10117,금융투자분야 소비자권익 침해 약관조항 시정요청,계약해지·갱신 관련 조항,가압류를 서비스의 해지 사유로 규정한 조항,"【부동산 투자자문 계약서】
  제16조 (계약의 변경 및 해지 등)
  ② 회사는 다음 각 호의 어느 하나에 해당하는 사유가 발생한 경우 고객에게 14일 이상의 기간을 부여하여 시정조치를 요구하였음에도 계약위반 고객이 적절한 조치를
  취하지 아니한 때에는 본 계약을 해지할 수 있다. 다만, 계약 위반 내용의 시정이 명백히 불가능하거나 계약위반의 정도가 중하여 계약목적을 달성할 수 없는 정도에 이
  른 때에는 즉시 계약을 해지할 수 있다.
  1. 고객의 계좌에 가압류나 압류 등 강제집행 절차가 시작되거나 질권 등 제3자에 의한 담보권 등이 설정되는 등의 사유로 투자자문자산의 서비스에 제한이 있는 경우","금융투자계약의 해지, 서비스의 제한은 모두 고객의 이해에 중대한 영향을 미치는 사항이다.
  따라서 고객의 예상치 못한 손해를 방지하기 위해서는 위와 같은 조치가 가능한 경우를 고객의 채무불이행 또는 고객의 신용이나
  담보가치에 본질적인 악화가 있는 등 고객에게 중대하고 명백한 귀책사유가 있는 경우로 한정하여야 할 것이다.
  가압류는 불확정채권에 기해서 채권자가 일방적으로 취하는 임시보전절차로, 쉽게 인용이 되기 때문에 남용의 소지가 높고, 압류나 체납처분 또는 파산·회생결정과는 다르게 가압류나 가처분이있다는 사실만으로는 고객의 채무불이행을 인정하기 어려우며, 신용 또는 담보가치의 하락과 같은 계약을 해지시킬 만큼의 중대하고 명백한 귀책사유가 있는 것이라고 보기도 어렵다.
  위 약관조항들은 임시적 보전절차에 불과한 가압류를 계약해지 사유로 정하고 있어 ‘사업자에게 법률에서 규정하고 있지 아니하는 해제권 또는 해지권을 부여하는 조항’ 및 ‘고객에게 부당하게 불리한 조항’으로 무효이다","약관법 제6조 제2항 제1호
 약관법 제9조 제2호",
10118,금융투자분야 소비자권익 침해 약관조항 시정요청,계약해지·갱신 관련 조항,가압류를 서비스의 해지 사유로 규정한 조항,"【투자자문 계약서】
  제15조 (계약의 변경 및 해지 등)
  ② 회사는 다음 각 호의 어느 하나에 해당하는 사유가 발생한 경우 고객에게 14일 이상의 기간을 부여하여 시정조치를 요구하고, 고객이 적절한 조치를 취하지 아니한 때에는 계약을 해지할 수 있다. 단, 고객의 계약 위반내용의 시정이 명백히 불가능하거나 계약 위반의 정도가 중하여 계약목적을 달성할 수 없는 정도에 이른 때에는 즉시 계약을 해지할 수 있다.
  1. 고객의 계좌에 가압류나 압류절차가 시작되거나 질권(채무자가 돈을 갚을 때까지 채권자가 담보물을 보유할 수 있고, 채무자가 돈을 갚지 않을 때는 그 담보물에 대하여 우선적으로 변제를 받을 수 있는 권리)이 설정되어 투자자문재산의 서비스에 제한이 있는 경우","금융투자계약의 해지, 서비스의 제한은 모두 고객의 이해에 중대한 영향을 미치는 사항이다.
  따라서 고객의 예상치 못한 손해를 방지하기 위해서는 위와 같은 조치가 가능한 경우를 고객의 채무불이행 또는 고객의 신용이나
  담보가치에 본질적인 악화가 있는 등 고객에게 중대하고 명백한 귀책사유가 있는 경우로 한정하여야 할 것이다.
  가압류는 불확정채권에 기해서 채권자가 일방적으로 취하는 임시보전절차로, 쉽게 인용이 되기 때문에 남용의 소지가 높고, 압류나 체납처분 또는 파산·회생결정과는 다르게 가압류나 가처분이있다는 사실만으로는 고객의 채무불이행을 인정하기 어려우며, 신용 또는 담보가치의 하락과 같은 계약을 해지시킬 만큼의 중대하고 명백한 귀책사유가 있는 것이라고 보기도 어렵다.
  위 약관조항들은 임시적 보전절차에 불과한 가압류를 계약해지 사유로 정하고 있어 ‘사업자에게 법률에서 규정하고 있지 아니하는 해제권 또는 해지권을 부여하는 조항’ 및 ‘고객에게 부당하게 불리한 조항’으로 무효이다","약관법 제6조 제2항 제1호
 약관법 제9조 제2호",
10119,금융투자분야 소비자권익 침해 약관조항 시정요청,계약해지·갱신 관련 조항,계약해지 사유를 추상적·포괄적으로 정한 조항,"【선물환거래약정서】
  제11조 (적용기간)
  이 약정의 적용 기간은 정하지 않기로 합니다. 다만 부득이한 사유가 있는 경우 은행이나 고객은 이 약정을 해지할 수 있으며 이 경우 해지 전에 이루어진 거래에는 이 약정이 계속 적용됩니다.","계약은 당사자 일방이 임의로 무효화 시켜서는 안 되므로, 계약의 해지 사유는 민법 규정이나 계약의 취지에 비추어 채무불이행 사유에
  해당하여야 할 것이고 그 사유 또한 구체적으로 열거되어야 할 것이다.
  위 약관조항은 “본 약관을 위반한 경우”, “부득이한 사유가 있는 경우” 및 “부당한 행위” 등 계약해지 사유를 추상적·포괄적으로
  정하여 금융회사가 자의적으로 판단할 우려가 있는 바,‘사업자에게 법률에서 규정하고 있지 않은 해제권 또는 해지권을 부여하여
  고객에게 부당하게 불이익을 줄 우려가 있는 조항’으로 무효이다",약관법 제9조 제2호,
10120,금융투자분야 소비자권익 침해 약관조항 시정요청,계약해지·갱신 관련 조항,계약해지 사유를 추상적·포괄적으로 정한 조항,"【○○○ 이용약관】
  제9조 (“회원”의 의무)
  ① ""회원""은 아래의 각 호에 해당하는 행위를 하여서는 안 됩니다.
  8. 기타 불법적이거나 부당한 행위
  제17조 (이용계약해지)
  ① ""회사""는 ""회원""에게 다음과 같은 사유가 발생할 경우 시정을 요구할 수 있으며, “회원”이 시정을 거부하거나, 2회 이상 해지 사유 발생 시 이용계약을 해지할 수 있습니다.
  1. 본 약관을 위반한 경우","계약은 당사자 일방이 임의로 무효화 시켜서는 안 되므로, 계약의 해지 사유는 민법 규정이나 계약의 취지에 비추어 채무불이행 사유에
  해당하여야 할 것이고 그 사유 또한 구체적으로 열거되어야 할 것이다.
  위 약관조항은 “본 약관을 위반한 경우”, “부득이한 사유가 있는 경우” 및 “부당한 행위” 등 계약해지 사유를 추상적·포괄적으로
  정하여 금융회사가 자의적으로 판단할 우려가 있는 바,‘사업자에게 법률에서 규정하고 있지 않은 해제권 또는 해지권을 부여하여
  고객에게 부당하게 불이익을 줄 우려가 있는 조항’으로 무효이다",약관법 제9조 제2호,
10121,금융투자분야 소비자권익 침해 약관조항 시정요청,기타 불공정 조항,고객에게 포괄적으로 비용을 부담시키는 조항,"【개인종합자산관리계좌(일임형) 약관】
  제13조(수수료)
  ① 회사는 투자일임에 따른 수수료를 관련법규의 범위 내에서 별지에서 정한 바에 따라 받을 수 있다.
  ② 제1항의 규정에 의한 수수료에는 회사 또는 투자자산운용사가 제공하는 일임서비스뿐만 아니라 매매거래, 운용성과측정 및 그 밖의 계좌 관련 서비스에서 발생하는 수수료를 모두 포함한다.
  ③ 제2항에도 불구하고 회사 이외의 제3자에게 지급 의무가 발생하는 세금, 수익증권의 운용보수 등의 비용은 고객이 부담하여야 한다.","서비스 이용 과정에서 고객이 지불해야 하는 비용(수수료 등)은 계약의 중요한 사항이므로 그 내용은 구체적이고 명확하게 규정될 필요가 있다.
  위 약관조항들은 회사 이외의 제3자에 대해 지급 의무가 발생하는 비용이 고객의 수요(필요)에 따른 것인지 아니면 회사의 수요(필요)에 따른 것인지 여부에 관계없이 그 비용 일체에 대해 무조건 고객이 부담하도록 규정하고 있고, 어떠한 업무를 수행하면서 발생한 비용인지도 정하지 않고 있다.
  따라서 위 약관조항들은 고객이 지불해야 하는 비용의 범위가 지나치게 확대될 수 있어 구체적으로 예상하기 어려운바, ‘고객에게 부당하게 불리한 조항’ 및 ‘고객이 예상하기 어려운 조항’으로 무효이다","약관법 제6조 제2항 제1호
 약관법 제6조 제2항 제2호",
10122,금융투자분야 소비자권익 침해 약관조항 시정요청,기타 불공정 조항,약관상 중요내용에 대한 개별 통지수단이 부적절한 조항,"【○○○ 서비스 이용약관】
  제9조 (이용자에 대한 통지)
  회사가 회원에게 통지할 때 회사는 해당 내용을 홈페이지 공지사항, 서비스 MTS 화면에 게재하거나 SMS, PUSH 등으로 이용자에게 전달할 수 있다.","고객의 권리 또는 의무에 중대한 영향을 미치는 사안에 대해서는 고객에게 개별적으로 통지하여 고객이 해당 내용을 제때 인지할 수 있도록 해야 할 것이며, 그 대상이 불특정 다수라고 하더라도 개별 통지하여 정보제공을 정확히 해야 한다.그러나, 앱 푸쉬의 경우 광고성메세지 차단을 위해 수신거부로 설정하는 경우가 많으므로, 사전에 통지수단으로 약정한 경우 등 특별한 경우를 제외하고는 일반적인 개별 통지 수단으로 적합하다고 할 수 없다.
  위 약관조항은 그 내용의 경중에 상관없이 불특정 다수에게 통지하는 경우에도 앱 푸쉬나 앱 알림 또는 홈페이지 공지사항에 게재하는 등 개별통지 방법으로 적절하지 않은 방법만을 사용해 통지 수단으로 활용할 우려가 있어 ‘고객에게 부당하게 불리한 조항’으로 무효이다",약관법 제6조 제2항 제1호,
10123,금융투자분야 소비자권익 침해 약관조항 시정요청,기타 불공정 조항,약관상 중요내용에 대한 개별 통지수단이 부적절한 조항,"【○○○ 서비스 약관】
  제6조 (서비스의 변경 또는 중단)
  ② 제1항에 따라 서비스를 중단 또는 변경하게 되는 경우 관련 사유, 내용 등을 앱 알림, SMS, 이메일, 전화, 우편 등의 방법으로 사전에 이용자에게 통지합니다. 다만, 부득이한 사정이 있는 경우에는 지체 없이 사후 통지 할 수 있습니다.","고객의 권리 또는 의무에 중대한 영향을 미치는 사안에 대해서는 고객에게 개별적으로 통지하여 고객이 해당 내용을 제때 인지할 수 있도록 해야 할 것이며, 그 대상이 불특정 다수라고 하더라도 개별 통지하여 정보제공을 정확히 해야 한다.그러나, 앱 푸쉬의 경우 광고성메세지 차단을 위해 수신거부로 설정하는 경우가 많으므로, 사전에 통지수단으로 약정한 경우 등 특별한 경우를 제외하고는 일반적인 개별 통지 수단으로 적합하다고 할 수 없다.
  위 약관조항은 그 내용의 경중에 상관없이 불특정 다수에게 통지하는 경우에도 앱 푸쉬나 앱 알림 또는 홈페이지 공지사항에 게재하는 등 개별통지 방법으로 적절하지 않은 방법만을 사용해 통지 수단으로 활용할 우려가 있어 ‘고객에게 부당하게 불리한 조항’으로 무효이다",약관법 제6조 제2항 제1호,
10124,금융투자분야 소비자권익 침해 약관조항 시정요청,계약조건의 일방적 변경 조항,자의적으로 서비스를 제한·중단할 수 있도록 한 조항,"【○○○ 서비스 이용약관】
  제4조 (이용계약의 성립 및 제한)
  ② 회사의 승낙 후 다음 각 호 어느 하나에 해당하는 것이 확인될 경우 이용자에게 14일의 기간을 부여하여 해당 행위의 중지 또는 시정을 요청하고, 그 기간 동안 적절한 조치를 취하지 아니한 경우에는 이용에 제한을 받을 수 있다.
  5. 관계법령, 감독규정, 감독기관의 지침, 회사의 약관 등에 의해 서비스 신청을 승낙하는 것이 곤란한 경우
  6. 위법 또는 부당한 서비스 신청임이 확인된 경우","서비스의 이용을 중단, 제한 및 변경하기 위해서는 ‘상당한 이유’가 있어야 하며, 그 사유가 추상적·포괄적이어서 고객이 예측하기 어렵거나 사업자가 자의적으로 판단하는 경우가 있어서는 안 될 것이다.
  또한, 서비스 이용 제한은 고객의 계약상 권리·의무에 중대한 영향을 미치는 사항이므로 채무이행이나 시정이 불가능하게 된 때 또는 관련 법령에서 금지하고 있는 경우 등 특별한 사정이 없는 한시정기회나 이의제기 기회를 부여함이 타당하다.
  해당 약관조항들은 서비스 중단, 변경 등의 사유가 지나치게 포괄적이거나, 사전통지 절차 또는 최고를 통한 고객의 이의제기나 시정 기회를 부여하지 않고 있는바, ‘상당한 이유 없이 급부의 내용을 사업자가 일방적으로 변경하거나 사업자가 이행하여야 할 급부를 일방적으로 중지할 수 있게 하는 조항’ 및 ‘고객에게 부당하게 불리한 조항’으로 무효이다","약관법 제10조 제1호
 약관법 제10조 제1호 제2호
 약관법 제6조 제2항 제1호",
10125,금융투자분야 소비자권익 침해 약관조항 시정요청,계약조건의 일방적 변경 조항,자의적으로 서비스를 제한·중단할 수 있도록 한 조항,"【투자정보서비스 이용약관】
  제6조(서비스 이용제한)
  ① 회사는 다음 각 호의 경우에 이용고객의 본 서비스 이용을 제한할 수 있습니다.
  5. 이용고객이 본 약관을 위반하거나 투자정보에 대한 지적재산권을 침해한 경우","서비스의 이용을 중단, 제한 및 변경하기 위해서는 ‘상당한 이유’가 있어야 하며, 그 사유가 추상적·포괄적이어서 고객이 예측하기 어렵거나 사업자가 자의적으로 판단하는 경우가 있어서는 안 될 것이다.
  또한, 서비스 이용 제한은 고객의 계약상 권리·의무에 중대한 영향을 미치는 사항이므로 채무이행이나 시정이 불가능하게 된 때 또는 관련 법령에서 금지하고 있는 경우 등 특별한 사정이 없는 한시정기회나 이의제기 기회를 부여함이 타당하다.
  해당 약관조항들은 서비스 중단, 변경 등의 사유가 지나치게 포괄적이거나, 사전통지 절차 또는 최고를 통한 고객의 이의제기나 시정 기회를 부여하지 않고 있는바, ‘상당한 이유 없이 급부의 내용을 사업자가 일방적으로 변경하거나 사업자가 이행하여야 할 급부를 일방적으로 중지할 수 있게 하는 조항’ 및 ‘고객에게 부당하게 불리한 조항’으로 무효이다","약관법 제10조 제1호
 약관법 제10조 제1호 제2호
 약관법 제6조 제2항 제1호",
10126,금융투자분야 소비자권익 침해 약관조항 시정요청,계약해지·갱신 관련 조항,신탁해지시 이해관계인 전원의 동의를 요하는 조항,"【부동산담보신탁 계약서】
  제24조(신탁해지 및 책임부담)
  ① 위탁자는 수탁자, 수익자 등 이해관계인 전원의 동의가 있는 경우를 제외하고는 수탁자의 책임 있는 사유 없이 신탁계약을 해지할 수 없다.","「신탁법」 제99조제1항에서는 위탁자와 수익자는 합의하여 언제든지 신탁을 종료할 수 있도록 하고 있고, 같은 조 제3항에서는 위탁자 등이 정당한 이유 없이 수탁자에게 불리한 시기에 신탁을 종료한 경우에는 수탁자에게 발생한 손해를 배상하도록 규정하고 있다.
  위 약관조항들은 수탁자의 귀책사유가 없다면 “이해관계인 전원”의 동의가 있어야 신탁계약을 해지할 수 있는 것으로 규정하고 있는데, 구체적 사안에 따라서는 계약당사자 간의 협의를 통해 신탁의 해지가 필요한 경우가 있을 수 있음에도 신탁 해지를 위해 동의를 받아야 하는 ‘이해관계인 전원’의 범위가 불분명하다.
  해당 약관조항들은 이처럼 신탁법에 비해 위탁자에 의한 신탁해지를 제한하고 있는바,‘법률에 따른 고객의 해제권 또는 해지권을 배제하거나 그 행사를 제한하는 조항’으로 무효이다",약관법 제9조 제1호,
10127,은행 및 상호저축은행 분야 불공정 약관 시정,계약조건의 일방적 변경 조항,자의적으로 서비스를 중단·제한할 우려가 있는 조항,"【오픈뱅킹서비스 이용약관(은행)】
  제12조 (서비스의 중단)
  ① ...(전략)...다음 각 호의 어느 하나의 경우에는 “서비스”의 전부 또는 일부가 제한될 수 있다.
  2. 서비스 운영상의 필요","고객의 서비스 이용을 중단, 제한·변경하기 위해서는 ‘상당한 이유’가 있어야 하며, 그 사유가 추상적·포괄적이어서 고객이 예측하기 어렵거나 사업자가 자의적으로 판단하는 경우가 있어서는 안될 것이다.
  위 약관조항들은 “서비스 운영상의 필요”, “기타 은행에서 정한 사유” 등 서비스의 중단·제한 사유를 추상적·포괄적으로 정하여 은행이 자의적으로 판단할 우려가 있는 바, ‘상당한 이유 없이 급부의 내용을 사업자가 일방적으로 변경하거나 사업자가 이행하여야 할 급부를 일방적으로 중지할 수 있게 하는 조항’ 및 ‘고객에게 부당하게 불리한 조항’으로 무효이다","약관법 제10조 제1호
 약관법 제10조 제2호
 약관법 제6조 제2항 제1호",
10128,은행 및 상호저축은행 분야 불공정 약관 시정,계약조건의 일방적 변경 조항,자의적으로 서비스를 중단·제한할 우려가 있는 조항,"【전자금융서비스 특약(은행)】
  제15조 (서비스 이용제한 및 유의사항)
  ① 다음 각 호의 1에 해당하는 경우에는 서비스를 제한합니다.
  5. 기타 은행에서 정한 사유로 입출금이 제한되는 경우","고객의 서비스 이용을 중단, 제한·변경하기 위해서는 ‘상당한 이유’가 있어야 하며, 그 사유가 추상적·포괄적이어서 고객이 예측하기 어렵거나 사업자가 자의적으로 판단하는 경우가 있어서는 안될 것이다.
  위 약관조항들은 “서비스 운영상의 필요”, “기타 은행에서 정한 사유” 등 서비스의 중단·제한 사유를 추상적·포괄적으로 정하여 은행이 자의적으로 판단할 우려가 있는 바, ‘상당한 이유 없이 급부의 내용을 사업자가 일방적으로 변경하거나 사업자가 이행하여야 할 급부를 일방적으로 중지할 수 있게 하는 조항’ 및 ‘고객에게 부당하게 불리한 조항’으로 무효이다","약관법 제10조 제1호
 약관법 제10조 제2호
 약관법 제6조 제2항 제1호",
10129,은행 및 상호저축은행 분야 불공정 약관 시정,고객 선택권 제한 조항,고객의 부작위에 대하여 의사표시를 의제하는 조항,"【○○○○페이서비스 약관(은행】
  제4조 (약관의 변경)
  ① 이 약관을 변경할 경우 은행은 그 내용을 우편, 전화, 전자우편(E-Mail), 단문메시지 서비스(SMS) 등을 통하여 적용 예정일로부터 최소 1개월 이전까지 통지하며, “가입고객”이 적용 예정일까지 이의를 제기하지 않았을 때에는 변경된 약관을승인한 것으로 간주됩니다.","고객의 작위나 부작위가 고객의 진정한 의사와는 관계없이 특정 의사표시로 의제되는 경우에는 자신도 알지 못하는 사이에 불리해지거나 원하지 않는 효과가 발생할 위험이 있다.
  따라서, 의사표시 의제조항은 ‘일정한 작위 또는 부작위가 있을 경우 고객의 의사표시가 표명된 것으로 본다’라는 뜻을 사전에 따로 개별 고지하도록 하는 경우에만 예외적으로 허용될 수 있다.
  위 약관조항은 ‘고객의 별도 의사표시가 없는 경우 약관 변경을 승인한 것으로 본다’라는 뜻을 따로 개별 고지하도록 하는 내용없이 의사표시가 의제되는 것으로 규정하고 있어 ‘일정한 부작위가 있을 경우 고객의 의사표시가 표명된 것으로 보는 조항’으로 무효이다",약관법 제12조 제1호,
10130,은행 및 상호저축은행 분야 불공정 약관 시정,계약해지·갱신 관련 조항,계약해지 사유를 추상적·포괄적으로 정한 조항,"【오픈뱅킹서비스 이용약관(은행)】
  제5조 (서비스 이용 신청 및 해지)
  ② 은행은 이용자에게 다음 각호의 사유가 발생하거나 확인되는 경우 서비스 이용신청을 거절하거나 이용계약을 해지할 수 있습니다.
  5. 약관을 위반하거나 위법 또는 부당한 행위를 시도하는 경우","계약의 해제·해지는 비록 의무위반이 있다고 하더라도 그것이 경미한 것이어서 계약의 존속에 영향을 줄 정도가 아니면 엄격히 제한되어야하고, 그 사유 또한 구체적으로 열거되어야 할 것이다.
  위 약관조항은 “약관을 위반”, “부당한 행위” 등 계약해지 사유를 추상적·포괄적으로 정하여 은행이 자의적으로 판단할 우려가 있는바, ‘사업자에게 법률에서 규정하고 있지 않은 해제권 또는 해지권을 부여하여 고객에게 부당하게 불이익을 줄 우려가 있는 조항’으로 무효이다",약관법 제9조 제2호,
10131,은행 및 상호저축은행 분야 불공정 약관 시정,면책·책임 제한 조항,은행에 대한 부당한 면책 조항,"【증권연계계좌서비스 약관(은행)】
  제15조 (면책)
  ③ 전산장애, 회선장애 등 부득이한 사유로 인한 위탁계좌의 거래와 관련된 업무처리의 지연, 처리불능 등으로 발생한 손해에 대하여 은행은 책임을 지지 아니합니다.","사업자의 고의 또는 과실로 인한 행위로 인해 고객에게 손해가 발생하였다면 사업자가 손해배상책임을 져야 하는 것이 민법상 기본원칙이다
  전산시스템은 사업자가 계약상 서비스를 제공하기 위해 필요한 설비로서 관리책임이 있다고 할 것이므로, 전산 또는 회선 장애 등에 사업자에게 귀책사유가 있는 경우 그에 따른 책임을 지는 것이 타당하다.
  위 약관조항은 은행의 고의 또는 과실 여부를 불문하고 손해배상 책임을 배제하고 있어 ‘사업자의 고의 또는 중대한 과실로 인한 법률상의 책임을 배제하는 조항’ 및 ‘상당한 이유 없이 사업자의 손해배상범위를 제한하거나 사업자가 부담해야 할 위험을 고객에게 떠넘기는 조항’으로 무효이다","약관법 제7조 제1호
 약관법 제7조 제2호
 민법 제750조",
10132,은행 및 상호저축은행 분야 불공정 약관 시정,기타 불공정 조항,"개별통지를 생략하거나, 통지 수단 또는 통지의 효력발생시기가 부적절한 조항","【○○○회원 약관(은행)】
  제14조 (회원에 대한 통지)
  ② 은행은 불특정 다수 회원에 대한 통지의 경우 웹사이트 등에 게시함으로써 개별 통지에 갈음할 수 있습니다.","고객의 권리 또는 의무에 중대한 영향을 미치는 사안에 대해서는 고객에게 개별적으로 통지하여 고객이 해당 내용을 제 때 인지할 수 있도록 해야 할 것이며, 그 대상이 불특정 다수라고 하더라도 개별 통지하여 정보제공을 정확히 해야 한다.
  서비스를 중단하는 것 또한 고객의 이해에 중대한 영향을 미치므로 특별한 사정이 없는 한 사전 통지하여 고객이 필요한 대응을 할 수 있도록 절차상 권리를 보장하는 것이 타당하다.
  상대방 있는 의사표시는 그 통지가 상대방에게 도달한 때부터 효력이 생기는데(민법 제111조), 위 약관조항은 은행이 송부한 서면 통지가 “송부된 경우” 효력이 발생한다고 규정하여 도달 시가 아닌 발송시에 효력이 발생하는 것으로 해석될 우려가 있다.
  위 약관조항들은 통지 내용의 중요도에 대한 고려 없이 불특정 다수를 대상으로 한다는 이유만으로 개별통지를 웹사이트 게시로 갈음하거나, 사전통지 없이도 장기미사용으로 거래가 자동중단되게하고, 서면통지의 효력발생시기를 도달 시가 아닌 송부된 경우로 정하고 있어 ‘고객에게 부당하게 불리한 조항’으로 무효이다",약관법 제6조 제2항 제1호,
10133,은행 및 상호저축은행 분야 불공정 약관 시정,기타 불공정 조항,"개별통지를 생략하거나, 통지 수단 또는 통지의 효력발생시기가 부적절한 조항","【○○○○ 자동송금거래약관(은행)】
  제14조 거래의 중단
  ③ 최근 1년 동안 송금전용계좌를 통하여 자동송금 거래가 없는 경우 장기미사용으로 이 거래는 자동중단되며 재거래를 위해서는 영업점을 방문하여 거래중단 해제 신청을 하여야 합니다.","고객의 권리 또는 의무에 중대한 영향을 미치는 사안에 대해서는 고객에게 개별적으로 통지하여 고객이 해당 내용을 제 때 인지할 수 있도록 해야 할 것이며, 그 대상이 불특정 다수라고 하더라도 개별 통지하여 정보제공을 정확히 해야 한다.
  서비스를 중단하는 것 또한 고객의 이해에 중대한 영향을 미치므로 특별한 사정이 없는 한 사전 통지하여 고객이 필요한 대응을 할 수 있도록 절차상 권리를 보장하는 것이 타당하다.
  상대방 있는 의사표시는 그 통지가 상대방에게 도달한 때부터 효력이 생기는데(민법 제111조), 위 약관조항은 은행이 송부한 서면 통지가 “송부된 경우” 효력이 발생한다고 규정하여 도달 시가 아닌 발송시에 효력이 발생하는 것으로 해석될 우려가 있다.
  위 약관조항들은 통지 내용의 중요도에 대한 고려 없이 불특정 다수를 대상으로 한다는 이유만으로 개별통지를 웹사이트 게시로 갈음하거나, 사전통지 없이도 장기미사용으로 거래가 자동중단되게하고, 서면통지의 효력발생시기를 도달 시가 아닌 송부된 경우로 정하고 있어 ‘고객에게 부당하게 불리한 조항’으로 무효이다",약관법 제6조 제2항 제1호,
10134,은행 및 상호저축은행 분야 불공정 약관 시정,기타 불공정 조항,"개별통지를 생략하거나, 통지 수단 또는 통지의 효력발생시기가 부적절한 조항","【○○○ 기본 계약서(은행)】
  17. 통지
  (a) 은행이 송부한 서면 통지는 고객이 신청서 양식에 기재한 주소로 송부된 경우 효력을 발휘합니다.","고객의 권리 또는 의무에 중대한 영향을 미치는 사안에 대해서는 고객에게 개별적으로 통지하여 고객이 해당 내용을 제 때 인지할 수 있도록 해야 할 것이며, 그 대상이 불특정 다수라고 하더라도 개별 통지하여 정보제공을 정확히 해야 한다.
  서비스를 중단하는 것 또한 고객의 이해에 중대한 영향을 미치므로 특별한 사정이 없는 한 사전 통지하여 고객이 필요한 대응을 할 수 있도록 절차상 권리를 보장하는 것이 타당하다.
  상대방 있는 의사표시는 그 통지가 상대방에게 도달한 때부터 효력이 생기는데(민법 제111조), 위 약관조항은 은행이 송부한 서면 통지가 “송부된 경우” 효력이 발생한다고 규정하여 도달 시가 아닌 발송시에 효력이 발생하는 것으로 해석될 우려가 있다.
  위 약관조항들은 통지 내용의 중요도에 대한 고려 없이 불특정 다수를 대상으로 한다는 이유만으로 개별통지를 웹사이트 게시로 갈음하거나, 사전통지 없이도 장기미사용으로 거래가 자동중단되게하고, 서면통지의 효력발생시기를 도달 시가 아닌 송부된 경우로 정하고 있어 ‘고객에게 부당하게 불리한 조항’으로 무효이다",약관법 제6조 제2항 제1호,
10135,은행 및 상호저축은행 분야 불공정 약관 시정,계약조건의 일방적 변경 조항,급부의 내용을 일방적으로 정하거나 변경할 수 있게 한 조항,"【수입거래약정서(은행)】
  제8조 상환채무의 부담과 수입환어음 등의 결제
  3. 수입자가 결제자금을 원화로 납입하는 경우, 수입환어음의 결제시기는 수입자의 납입일자에 불구하고 은행의 외화사정 등에 의하여 결제통화를 매입할 수 있는 날로한다. 수입자는 이로 인하여 발생하는 (ⅰ)지연이자와 (ⅱ)납입시와 수입환어음에 의한 실제 외환 매입일간의 환율의 변동에 따른 환차를 전보하기 위하여 필요한 추가금액을 은행의 청구에 따라 곧 원화 또는 기타 통화로 은행에 지급한다. (이하 생략)","급부는 계약의 핵심적인 내용으로서 당사자 일방이 임의로 결정하거나 변경하여서는 안될 것이다.
  그러나, 위 약관조항들은 “은행의 외화사정 등” 포괄적 사유를 들어 은행이 수입환어음의 결제시기를 임의로 정할 수 있게 하고, 이로 인해 추가로 발생하는 금액을 고객이 부담하도록 하여 고객에게 예상치 못한 손해가 발생할 우려가 있으며, 사전구상금 할인을 “상호저축은행이 정한 방법에 따라” 하도록 정하여 저축은행이 할인금액을 일방적으로 결정할 우려가 있다.
  수수료 또한 급부에 해당하므로 고객이 예측할 수 있도록 구체적으로 약관에 제시할 필요가 있으며, 수수료 변경이 있는 경우에는 고객에게 그 내용을 사전에 알리고 고객의 서비스 탈퇴 기회 제공 등 절차상 권리를 보장할 필요가 있다.
  그러나, 위 약관조항은 기타 수수료를 저축은행이 정하여 홈페이지와 모바일앱에 게시하는 바에 따른다고만 규정하고 있어, 저축은행이 임의로 수수료를 결정 또는 변경하더라도 고객은 사전에 알기 어렵고 그대로 따를 수 밖에 없다.
  위 약관조항들은 ‘상당한 이유 없이 급부의 내용을 사업자가 일방적으로 결정하거나 변경할 수 있도록 권한을 부여하는 조항’ 및 ‘고객에게 부당하게 불리한 조항’으로 무효이다","약관법 제10조 제1호
 약관법 제6조 제2항 제1호",
10136,은행 및 상호저축은행 분야 불공정 약관 시정,계약조건의 일방적 변경 조항,급부의 내용을 일방적으로 정하거나 변경할 수 있게 한 조항,"【사채보증약정서(저축은행)】
  제14조 (사전구상)
  갑이 상호저축은행여신거래기본약관 제7조에 의한 사전구상권을 행사하는 경우 사전 구상금은 기일에 지급할 사채원리금을 사전구상일로부터 기일전일까지의 기간에 대하여 상사법정금리로 상호저축은행이 정한 방법에 따라 할인한 금액으로 합니다.","급부는 계약의 핵심적인 내용으로서 당사자 일방이 임의로 결정하거나 변경하여서는 안될 것이다.
  그러나, 위 약관조항들은 “은행의 외화사정 등” 포괄적 사유를 들어 은행이 수입환어음의 결제시기를 임의로 정할 수 있게 하고, 이로 인해 추가로 발생하는 금액을 고객이 부담하도록 하여 고객에게 예상치 못한 손해가 발생할 우려가 있으며, 사전구상금 할인을 “상호저축은행이 정한 방법에 따라” 하도록 정하여 저축은행이 할인금액을 일방적으로 결정할 우려가 있다.
  수수료 또한 급부에 해당하므로 고객이 예측할 수 있도록 구체적으로 약관에 제시할 필요가 있으며, 수수료 변경이 있는 경우에는 고객에게 그 내용을 사전에 알리고 고객의 서비스 탈퇴 기회 제공 등 절차상 권리를 보장할 필요가 있다.
  그러나, 위 약관조항은 기타 수수료를 저축은행이 정하여 홈페이지와 모바일앱에 게시하는 바에 따른다고만 규정하고 있어, 저축은행이 임의로 수수료를 결정 또는 변경하더라도 고객은 사전에 알기 어렵고 그대로 따를 수 밖에 없다.
  위 약관조항들은 ‘상당한 이유 없이 급부의 내용을 사업자가 일방적으로 결정하거나 변경할 수 있도록 권한을 부여하는 조항’ 및 ‘고객에게 부당하게 불리한 조항’으로 무효이다","약관법 제10조 제1호
 약관법 제6조 제2항 제1호",
10137,은행 및 상호저축은행 분야 불공정 약관 시정,계약조건의 일방적 변경 조항,급부의 내용을 일방적으로 정하거나 변경할 수 있게 한 조항,"【○○디지털뱅크 이용약관(저축은행)】
  제9조 (이용계좌 지정 및 이체한도, 수수료 등)
  ⑤ 기타 수수료는 회사가 정하여 회사의 홈페이지와 모바일앱에 게시하는 바에 따릅니다.","급부는 계약의 핵심적인 내용으로서 당사자 일방이 임의로 결정하거나 변경하여서는 안될 것이다.
  그러나, 위 약관조항들은 “은행의 외화사정 등” 포괄적 사유를 들어 은행이 수입환어음의 결제시기를 임의로 정할 수 있게 하고, 이로 인해 추가로 발생하는 금액을 고객이 부담하도록 하여 고객에게 예상치 못한 손해가 발생할 우려가 있으며, 사전구상금 할인을 “상호저축은행이 정한 방법에 따라” 하도록 정하여 저축은행이 할인금액을 일방적으로 결정할 우려가 있다.
  수수료 또한 급부에 해당하므로 고객이 예측할 수 있도록 구체적으로 약관에 제시할 필요가 있으며, 수수료 변경이 있는 경우에는 고객에게 그 내용을 사전에 알리고 고객의 서비스 탈퇴 기회 제공 등 절차상 권리를 보장할 필요가 있다.
  그러나, 위 약관조항은 기타 수수료를 저축은행이 정하여 홈페이지와 모바일앱에 게시하는 바에 따른다고만 규정하고 있어, 저축은행이 임의로 수수료를 결정 또는 변경하더라도 고객은 사전에 알기 어렵고 그대로 따를 수 밖에 없다.
  위 약관조항들은 ‘상당한 이유 없이 급부의 내용을 사업자가 일방적으로 결정하거나 변경할 수 있도록 권한을 부여하는 조항’ 및 ‘고객에게 부당하게 불리한 조항’으로 무효이다","약관법 제10조 제1호
 약관법 제6조 제2항 제1호",
10138,은행 및 상호저축은행 분야 불공정 약관 시정,담보물·근저당 관련 조항,가압류를 거래승인 취소 사유로 정한 조항,"【구매론 거래기업 약정서(판매기업용)(은행)】
  제5조 압류, 가압류 등의 사유발생시 처리
  본인은 은행이 거래승인한 매출채권이 제3채권자로부터 압류, 가압류 등이 발생한 경우 ...(중략)... 은행은 기거래승인을 취소할 수 있다. 단, 은행은 동 사유가 해소된 경우에는 이를 재개할 수 있다.","은행이 구매론 거래와 관련하여 자신이 승인한 거래를 취소하는 것은 구매론 거래를 이용하는 고객의 이해에 중대한 영향을 미치는 사항이다.
  따라서, 거래승인 취소는 고객의 채무불이행 또는 고객의 신용이나 담보가치에 본질적인 악화가 있는 등 고객에게 중대하고 명백한 귀책사유가 있는 경우로 한정하여야 할 것이다.
  가압류는 불확정채권에 기해서 채권자가 일방적으로 취하는 임시 보전절차로 쉽게 인용이 되므로 남용의 소지가 있고, 확정된 권리에 기한 압류와는 다르게 가압류가 있다는 사실만으로는 고객의 신용이나 담보가치의 본질적인 악화 등 중대하고 명백한 귀책사유가 있다고 보기는 어렵다.
  위 약관조항은 임시적 보전절차에 불과한 가압류를 거래승인 취소사유로 정하고 있어 ‘고객에게 부당하게 불리한 조항’으로 무효이다",약관법 제6조 제2항 제1호,
10139,여신전문금융 분야 불공정약관 시정요청,기타 불공정 조항,사업자가 자의적으로 서비스를 중단·제한·변경할 우려가 있는 조항,"【은행 카드 회원 약관】
  제5조(카드이용의 제한)
  ② 신용구매한도가 부여되지 않은 회원에 대하여 은행은 회원의 결제계좌의 상태가 다음 각 호의 1에 해당하는 경우 예금잔액에 상관없이 회원의 카드 이용을
  제한할 수 있습니다.
  5. 기타 은행이 정한 지급제한 사유가 발생된 계좌","서비스의 이용을 중단, 제한하기 위해서는‘상당한 이유’가 있어야 하며, 그 사유가 포괄적이어서 사업자의 자의적인 판단으로 고객의 서비스 이용을 중단하거나 제한하여서는 안 될 것이다.
  또한, 신용카드 등의 이용 시 제공되는 부가서비스는 3년 이상 제공된 후 그 부가서비스로 인해 해당 금융상품의 수익성이 현저히 낮아진 경우 예외적으로 변경될 수 있으므로, 위 요건보다 완화된 ‘부가서비스 1년 이상 제공 시’ 부가서비스를 변경할 수 있도록 하는 것은 적절하지 않다.
  참고로 『금융소비자보호법 시행령』에 따르면 연계·제휴서비스 등이 3년 이상 제공된 후 연계·제휴서비스 등으로 인해 해당 금융상품의 수익성이 현저히 낮아진 경우에 예외적으로 부가서비스를 변경할 수 있다고 규정하고있다.
  해당 약관 조항들은 서비스 중단 및 제한 사유를 포괄적으로 정하고 있거나 부가서비스 변경 요건을 관련 법령의 취지에 반하여 정하고 있어 고객이 예측하기 어려운 손해를 입을 우려가 있다.
  따라서 상당한 이유 없이 급부의 내용을 사업자가 일방적으로 변경·중지할 수 있게 하는 조항 및 고객에게 부당하게 불리한 조항으로 무효이다","약관법 제10조 제1호
 약관법 제6조 제2항 제1호
 금융소비자보호법 시행령",
10140,여신전문금융 분야 불공정약관 시정요청,계약조건의 일방적 변경 조항,사업자가 자의적으로 서비스를 중단·제한·변경할 우려가 있는 조항,"【카드 상품설명서】
  유의사항
  ·명시된 서비스는 제휴사 및 카드 사정에 따라 변경 및 중단 가능","서비스의 이용을 중단, 제한하기 위해서는‘상당한 이유’가 있어야 하며, 그 사유가 포괄적이어서 사업자의 자의적인 판단으로 고객의 서비스 이용을 중단하거나 제한하여서는 안 될 것이다.
  또한, 신용카드 등의 이용 시 제공되는 부가서비스는 3년 이상 제공된 후 그 부가서비스로 인해 해당 금융상품의 수익성이 현저히 낮아진 경우 예외적으로 변경될 수 있으므로, 위 요건보다 완화된 ‘부가서비스 1년 이상 제공 시’ 부가서비스를 변경할 수 있도록 하는 것은 적절하지 않다.
  참고로 『금융소비자보호법 시행령』에 따르면 연계·제휴서비스 등이 3년 이상 제공된 후 연계·제휴서비스 등으로 인해 해당 금융상품의 수익성이 현저히 낮아진 경우에 예외적으로 부가서비스를 변경할 수 있다고 규정하고있다.
  해당 약관 조항들은 서비스 중단 및 제한 사유를 포괄적으로 정하고 있거나 부가서비스 변경 요건을 관련 법령의 취지에 반하여 정하고 있어 고객이 예측하기 어려운 손해를 입을 우려가 있다.
  따라서 상당한 이유 없이 급부의 내용을 사업자가 일방적으로 변경·중지할 수 있게 하는 조항 및 고객에게 부당하게 불리한 조항으로 무효이다","약관법 제10조 제1호
 약관법 제6조 제2항 제1호
 금융소비자보호법 시행령",
10141,여신전문금융 분야 불공정약관 시정요청,계약조건의 일방적 변경 조항,사업자가 자의적으로 서비스를 중단·제한·변경할 우려가 있는 조항,"【카드 상품설명서】
  부가서비스 유지 및 변경 안내
  다만, 다음과 같은 사유가 발생한 경우 카드사는 부가서비스를 변경할 수 있습니다.
  ③ 부가서비스를 1년 이상 제공한 상태에서 해당 부가서비스로 인해 상품의 수익성이 현저히 낮아진 경우","서비스의 이용을 중단, 제한하기 위해서는‘상당한 이유’가 있어야 하며, 그 사유가 포괄적이어서 사업자의 자의적인 판단으로 고객의 서비스 이용을 중단하거나 제한하여서는 안 될 것이다.
  또한, 신용카드 등의 이용 시 제공되는 부가서비스는 3년 이상 제공된 후 그 부가서비스로 인해 해당 금융상품의 수익성이 현저히 낮아진 경우 예외적으로 변경될 수 있으므로, 위 요건보다 완화된 ‘부가서비스 1년 이상 제공 시’ 부가서비스를 변경할 수 있도록 하는 것은 적절하지 않다.
  참고로 『금융소비자보호법 시행령』에 따르면 연계·제휴서비스 등이 3년 이상 제공된 후 연계·제휴서비스 등으로 인해 해당 금융상품의 수익성이 현저히 낮아진 경우에 예외적으로 부가서비스를 변경할 수 있다고 규정하고있다.
  해당 약관 조항들은 서비스 중단 및 제한 사유를 포괄적으로 정하고 있거나 부가서비스 변경 요건을 관련 법령의 취지에 반하여 정하고 있어 고객이 예측하기 어려운 손해를 입을 우려가 있다.
  따라서 상당한 이유 없이 급부의 내용을 사업자가 일방적으로 변경·중지할 수 있게 하는 조항 및 고객에게 부당하게 불리한 조항으로 무효이다","약관법 제10조 제1호
 약관법 제6조 제2항 제1호
 금융소비자보호법 시행령",
10142,여신전문금융 분야 불공정약관 시정요청,담보물·근저당 관련 조항,부적절한 사유 또는 사전 통지 없이 기한의 이익을 상실시키는 조항,"【은행 신용카드 기업회원 약관】
  제20조(기한이익의 상실)
  ② 회원등은 제예치금 및 은행에 제공한 담보 등에 대하여 (가)압류, 가처분 결정, 체납처분 등이 발송되었거나, 또는 (임의)경매 등 강제집행이 개시되었을 때 은행으로부터 통지 또는 최고 등이 없더라도 은행에 대한 채무에 대하여 기한의 이익을 주장하지 못하며 곧 채무를 변제하여야 합니다.","기한의 이익을 상실하면 고객은 그 즉시 채무를 갚아야 하고 지연이자가 발생하므로, 기한의 이익 상실 사유 및 통지 절차는 고객의 이해에 중대한 영향을 미친다.
  확정판결과 같은 집행권원을 요하는 압류 등이 있는 경우는 고객의 신용이나 담보가치가 악화되어 은행에 대한 채무를 불이행할 우려가 매우 크다고 볼 수 있기 때문에 적절한 기한의 이익 상실 사유로 볼 수 있다.
  반면, 가압류·가처분은 집행을 보전하기 위한 제도로서 집행권원이 필요하지 않은 임시적인 조치에 불과하여 비교적 쉽게 인용될 수 있기 때문에, 가압류나 가처분이 있다는 사실만으로는 고객이 채무를 불이행할 우려가 크다고 보기 어렵다.
  또한 금융기관은, 기한의 이익을 상실하면 그 즉시 채무를 갚아야 함은 물론 그때부터 지연이자를 부담하게 되는 고객에게 예상하지 못한 손해를 방지하기 위해 기한의 이익 상실 사유가 발생하는 경우 별도의 통지를 하여야 한다.
  위 약관조항은 보전절차에 불과한 가압류·가처분을 기한의 이익 상실 사유로 정하거나, 사전 통지 없이 기한의 이익을 상실하도록 정하고 있어 고객에게 부당하게 불리한 조항으로 무효이다",약관법 제6조 제2항 제1호,
10143,여신전문금융 분야 불공정약관 시정요청,고객 선택권 제한 조항,고객의 이의제기를 제한하는 조항,"【캐피탈 팩토링거래약정서】
  제4조 (감액, 정지, 해지, 기간만료)
  금융 사정의 변화, 채권 보전상 필요, 기타 상당한 이유가 있는 경우에는 회사가 본인에 대한 제8조의 한도액을 줄이거나 제20조의 기간에도 불구하고 팩토링 거래를 일시정지하거나 이 약정을 해지하여도 본인은 이의 없기로 한다.","사업자는 법률에 따른 고객의 항변권, 상계권 등의 권리를 보장하여야 하고 해당 권리를 상당한 이유 없이 배제하거나 제한하여서는 아니 된다.
  그러나 고객의 사업자에 대한 이의제기권을 확정적으로 포기하게 하거나 주장하지 못하도록 하여 고객이 해당 조치의 정당성이나 자신의 귀책사유를 다툴 수 있는 일체의 기회를 차단하는 것은 불공정하다.
  또한, 오늘날 인터넷·전화는 현대 사회에서 보편적인 연락 방법임에도 불구하고‘서면’으로만 이의제기를 할 수 있게 한것은 고객의 항변권과 같은 권리의 행사를 부당하게 제한하고 신속한 처리를 저해하므로 고객에게 불리하다.
  따라서 위 약관 조항들은 법률에 따른 고객의 항변권 등을 상당한 이유 없이 배제하거나 제한하는 조항에 해당되어 무효이다","약관법 제11조 제1호
 약관법 제6조 제2항 제1호",
10144,여신전문금융 분야 불공정약관 시정요청,고객 선택권 제한 조항,고객의 이의제기를 제한하는 조항,"【은행 신용카드 기업회원 약관】
  제21조(카드이용대금에 대한 이의 신청 및 책임)
  ① 회원등은 카드 이용대금(단기카드대출(현금서비스) 포함)에 이의가 있는 경우에는 결제일로 부터 14일 이내에 서면으로 은행에 이의를 제기할 수 있습니다.","사업자는 법률에 따른 고객의 항변권, 상계권 등의 권리를 보장하여야 하고 해당 권리를 상당한 이유 없이 배제하거나 제한하여서는 아니 된다.
  그러나 고객의 사업자에 대한 이의제기권을 확정적으로 포기하게 하거나 주장하지 못하도록 하여 고객이 해당 조치의 정당성이나 자신의 귀책사유를 다툴 수 있는 일체의 기회를 차단하는 것은 불공정하다.
  또한, 오늘날 인터넷·전화는 현대 사회에서 보편적인 연락 방법임에도 불구하고‘서면’으로만 이의제기를 할 수 있게 한것은 고객의 항변권과 같은 권리의 행사를 부당하게 제한하고 신속한 처리를 저해하므로 고객에게 불리하다.
  따라서 위 약관 조항들은 법률에 따른 고객의 항변권 등을 상당한 이유 없이 배제하거나 제한하는 조항에 해당되어 무효이다","약관법 제11조 제1호
 약관법 제6조 제2항 제1호",
10145,여신전문금융 분야 불공정약관 시정요청,계약조건의 일방적 변경 조항,개별통지 수단이 부적절하거나 개별통지를 생략한 조항,"【 앱카드 이용약관】
  제 13조 (조회·이체 서비스, 해외송금서비스)
  ① “회사”는 “회원”의 서비스 이용에 따른 수수료를 부과할 수 있으며, 수수료를 부과하려는 경우에는 그 부과 기준과 부과 액수에 관하여 “○○○ 앱”에 게재하거나 휴대폰 메시지 등을 통하여 안내합니다.","고객의 권리 또는 의무에 중대한 영향을 미치는 사안에 대해서는 고객이 통지 내용을 인지할 수 있도록 적절한 매체를 사용하여 개별적으로 통지함으로써 고객의 절차상 권리를 보장해야 한다.
  그러나, 모바일앱 게재는 고객이 항상 확인할 것을 기대하기 어려우므로 개별 통지 수단으로 적합하다고 할 수 없다.
  참고로『전자금융거래기본약관』에 따르면 금융회사는 전자금융거래에서 발생하는 사항을 통지하는 경우에는 이용자가 신고한 최종 연락처로 전화, 서면 또는 기타 전자적 장치로 통지하여야 하며, 이용자가 서면을요청하는경우서면으로알려야한다고규정하고 있다.
  위 약관조항들은 서비스 이용에 따른 수수료 부과 등 중요한 사안을 앱게재 등 부적절한 수단으로 통지하거나, 연락처가 유효하지 않은 경우 대체통지 방법을 따로 규정하지 않고 개별통지 절차를 생략할 수 있어 고객에게 부당하게 불리한 조항으로 무효이다","약관법 제6조 제2항 제1호
 전자금융거래기본약관",
10146,여신전문금융 분야 불공정약관 시정요청,계약조건의 일방적 변경 조항,개별통지 수단이 부적절하거나 개별통지를 생략한 조항,"【카드 직불전자지급수단 이용약관】
  제3조(유효기간)
  ② ‘회사’는 직불전자지급수단의 유효기간이 도래한 경우, 유효기간도래 사실, 재발행 신청을 통한 유효기간 및 서비스 이용 연장 방법과 관련된 내용을 유효기한 도래 90일이전부터 매월 1회 이상 회사가 알고 있는 ‘이용자’의 정보를 이용하여 전자문서의 전송, 휴대폰메시지(SMS, LMS) 등을 통해 ‘이용자’에게 통지하도록 합니다. 다만, 회사가 알고 있는 ‘이용자’의 연락처가 유효하지 않은 경우에는 그러하지 아니합니다.","고객의 권리 또는 의무에 중대한 영향을 미치는 사안에 대해서는 고객이 통지 내용을 인지할 수 있도록 적절한 매체를 사용하여 개별적으로 통지함으로써 고객의 절차상 권리를 보장해야 한다.
  그러나, 모바일앱 게재는 고객이 항상 확인할 것을 기대하기 어려우므로 개별 통지 수단으로 적합하다고 할 수 없다.
  참고로『전자금융거래기본약관』에 따르면 금융회사는 전자금융거래에서 발생하는 사항을 통지하는 경우에는 이용자가 신고한 최종 연락처로 전화, 서면 또는 기타 전자적 장치로 통지하여야 하며, 이용자가 서면을요청하는경우서면으로알려야한다고규정하고 있다.
  위 약관조항들은 서비스 이용에 따른 수수료 부과 등 중요한 사안을 앱게재 등 부적절한 수단으로 통지하거나, 연락처가 유효하지 않은 경우 대체통지 방법을 따로 규정하지 않고 개별통지 절차를 생략할 수 있어 고객에게 부당하게 불리한 조항으로 무효이다","약관법 제6조 제2항 제1호
 전자금융거래기본약관",
10147,2024년 금융투자 분야 불공정 약관조항 시정요청,고객 선택권 제한 조항,고객에게 불리한 재판관할 조항,"【신용거래 약관】
  제13조(관할법원)
  이 약관에 의한 거래와 관련하여 발생된 분쟁에 대하여 회사와 고객 사이에 소송의 필요가 생긴 경우에는 그 관할법원은 「민사소송법」이 정한 바에 따른다.","고객에게 불리한 관할합의 조항을 약관에 규정하는 것은 제소 및 응소에 큰 불편을 초래하고 결과적으로는 소송을 포기하도록 할 수 있다는 우려가 있으므로 그 내용은 관련 법령의 내용에 부합하도록 구체적이고 명확하게 규정될 필요가 있다.
  그런데 2023. 7. 11. 개정된 「금융소비자 보호에 관한 법률」은 제66조의2에서 금융상품의 비대면 계약과 관련된 소의 전속관할을 규정하고 있으므로, 약관에서 재판관할을 규정하는 경우 변경된 법령의 내용을 반영할 필요가 있다. 그렇지 않으면 위 약관으로 인해 재판관할에 대한 고객의 혼란이 발생할 수 있고 그러한 혼란은 소송 과정에서 이송으로 인한 소송 지연 등을 유발하여 고객의 제소 및 응소에 불편을 초래할 우려가 크다.
  위 약관 조항들은 고객에게 부당하게 불리한 재판관할 합의 조항 및 고객에게 부당하게 불리한 조항으로 볼 소지가 있어 소비자 보호 강화 측면에서 시정 요청한다.","약관법 제6조 제2항 제1호
 약관법 제14조 제1호
 금융소비자 보호에 관한 법률",
10148,2024년 금융투자 분야 불공정 약관조항 시정요청,담보물·근저당 관련 조항,가압류를 서비스의 해지 사유로 규정한 조항,"【투자자문 계약서】
  제15조 (계약의 변경 및 해지 등)
  ② 회사는 다음 각 호의 어느 하나에 해당하는 사유가 발생한 경우 고객에게 14일 이상의 기간을 부여하여 시정조치를 요구하고, 고객이 적절한 조치를 취하지 아니한 때에는 계약을 해지할 수 있다. 단, 고객의 계약 위반내용의 시정이 명백히 불가능하거나 계약 위반의 정도가 중하여 계약목적을 달성할 수 없는 정도에 이른 때에는 즉시 계약을 해지할 수 있다.
  1. 고객의 계좌에 가압류나 압류절차가 시작되거나 질권(채무자가 돈을 갚을 때까지 채권자가 담보물을 보유할 수 있고, 채무자가 돈을 갚지 않을 때는 그 담보물에 대하여 우선적으로 변제를 받을 수 있는 권리)이 설정되어 투자자문재산의 서비스에 제한이 있는 경우","금융투자계약의 해지, 서비스의 제한은 모두 고객의 이해에 중대한 영향을 미치는 사항이다.
  따라서 고객의 예상치 못한 손해를 방지하기 위해서는 위와 같은 조치가 가능한 경우를 고객의 채무불이행 또는 고객의 신용이나 담보가치에 본질적인 악화가 있는 등 고객에게 중대하고 명백한 귀책사유가 있는 경우로 한정하여야 할 것이다.
  가압류는 불확정채권에 기해서 채권자가 일방적으로 취하는 임시보전절차로, 쉽게 인용이 되기 때문에 남용의 소지가 높고, 압류나 체납처분 또는 파산·회생결정과는 다르게 가압류나 가처분이 있다는 사실만으로는 고객의 채무불이행을 인정하기 어려우며, 신용 또는 담보가치의 하락과 같은 계약을 해지시킬 만큼의 중대하고 명백한 귀책 사유가 있는 것이라고 보기도 어렵다.
  위 약관조항들은 임시적 보전절차에 불과한 가압류를 계약해지 사유로 정하고 있어 ‘사업자에게 법률에서 규정하고 있지 아니하는 해제권 또는 해지권을 부여하는 조항’ 및 ‘고객에게 부당하게 불리한 조항’으로 무효이다","약관법 제6조 제2항 제1호
 약관법 제9조 제2호",
10149,2024년 금융투자 분야 불공정 약관조항 시정요청,계약해지·갱신 관련 조항,계약해지 사유를 추상적·포괄적으로 정한 조항,"【○○○ 이용약관】
  제19조 (신탁계약의 해지)
  ② 수탁자는 수탁자의 귀책사유 없이 다음 각호의 1에 해당하는 사유가 발생한 경우 신탁계약을 해지할 수 있다.
  1. 신탁재산의 관리가 불가능하거나 현저히 곤란한 경우
  2. 신탁재산의 처분이 불가능하거나 현저히 곤란한 경우","계약은 당사자 일방이 임의로 무효화해서는 안 되므로, 계약의 해지 사유는 구체적으로 열거하되 개별 사유는 민법이나 계약에 비추어 채무불이행이나 이에 준하는 것이어야 할 것이다.
  위 약관조항은 “신탁재산의 관리가 현저히 곤란한 경우” 및 “신탁재산의 처분이 현저히 곤란한 경우” 등 계약 해지 사유를 추상적·포괄적으로 정하여 사업자가 자의적으로 판단할 수 있도록 규정하고 있는바, 이는 사업자에게 법률에서 규정하고 있지 않은 해지권을 부여하여 고객에게 부당하게 불이익을 줄 우려가 있는 조항으로 무효이다",약관법 제9조제2호,
10150,2024년 금융투자 분야 불공정 약관조항 시정요청,고객 선택권 제한 조항,약관상 중요내용에 대한 개별 통지수단이 부적절한 조항,"【○○○ 서비스 이용약관】
  제8조 (회원에 대한 통지)
  ① 회사가 회원에게 통지할 때 해당 내용을 홈페이지의 공지사항 또는 모바일 어플리케이션의 서비스 화면에 게재하거나 문자메세지(SMS), 이메일(E-mail), 스마트푸시(Smart Push)등으로 회원에게 전달할 수 있습니다.
  ② 회사가 불특정 다수 회원에게 통지할 때는 홈페이지 또는 모바일 어플리케이션의 서비스 화면에 7일 이상 게시하는 것으로 개별통지를 대신할 수 있습니다.","고객의 권리 또는 의무에 중대한 영향을 미치는 사안에 대해서는 고객에게 개별적으로 통지하여 고객이 해당 내용을 제때 인지할 수 있도록 해야 할 것이며, 그 대상이 불특정 다수라고 하더라도 개별통지하여 정보제공을 정확히 해야 한다.
  그러나, 앱 푸쉬의 경우 광고성메세지 차단을 위해 수신거부로 설정하는 경우가 많으므로, 사전에 통지수단으로 약정한 경우 등 특별한 경우를 제외하고는 일반적인 개별 통지 수단으로 적합하다고 할 수 없다.
  위 약관조항은 그 내용의 경중에 상관없이 불특정 다수에게 통지하는 경우에도 앱 푸쉬나 앱 알림 또는 홈페이지 공지사항에 게재하는 등 개별통지 방법으로 적절하지 않은 방법만을 사용해 통지 수단으로 활용할 우려가 있어 ‘고객에게 부당하게 불리한 조항’으로 무효이다",약관법 제6조 제2항 제1호,
10151,2024년 금융투자 분야 불공정 약관조항 시정요청,계약조건의 일방적 변경 조항,자의적으로 서비스를 제한·중단할 수 있도록 한 조항,"【○○○ 서비스 이용약관】
  제4조 (대출의 제한 및 재개)
  ② 회사는 회사의 내부 정책 및 금융시장 이율의 급격한 변동 등 외적인 사정에 따라 신규 대출을 거부하거나 제한할 수 있다.","서비스의 이용을 중단, 제한 및 변경하기 위해서는 ‘상당한 이유’가 있어야 하며, 그 사유가 추상적·포괄적이어서 고객이 예측하기 어렵거나 사업자가 자의적으로 판단하는 경우가 있어서는 안 될 것이다.
  또한, 서비스 이용 제한은 고객의 계약상 권리·의무에 중대한 영향을 미치는 사항이므로 채무이행이나 시정이 불가능하게 된 때 또는 관련 법령에서 금지하고 있는 경우 등 특별한 사정이 없는 한 시정 기회나 이의제기 기회를 부여함이 타당하다.
  해당 약관조항들은 서비스 중단, 변경 등의 사유가 지나치게 포괄적이거나, 사전통지 절차 또는 최고를 통한 고객의 이의제기나 시정기회를 부여하지 않고 있는바,
  ‘상당한 이유 없이 급부의 내용을 사업자가 일방적으로 변경하거나 사업자가 이행하여야 할 급부를 일방적으로 중지할 수 있게 하는 조항’ 및 ‘고객에게 부당하게 불리한 조항’으로 무효이다","약관법 제10조 제1호
 약관법 제10조 제2호
 약관법 제6조 제2항 제1호",
10152,2024년 금융투자 분야 불공정 약관조항 시정요청,계약조건의 일방적 변경 조항,자의적으로 서비스를 제한·중단할 수 있도록 한 조항,"【투자정보서비스 이용약관】
  제6조(서비스 중단 등)
  ① 회사는 운영상, 경영상, 기술상의 필요에 따라 본 서비스를 중단 또는 정지할 수 있습니다. 단, 이 경우에 회사는 그 취지 및 사유를 이용고객에게 지체없이 통지하여야 합니다.","서비스의 이용을 중단, 제한 및 변경하기 위해서는 ‘상당한 이유’가 있어야 하며, 그 사유가 추상적·포괄적이어서 고객이 예측하기 어렵거나 사업자가 자의적으로 판단하는 경우가 있어서는 안 될 것이다.
  또한, 서비스 이용 제한은 고객의 계약상 권리·의무에 중대한 영향을 미치는 사항이므로 채무이행이나 시정이 불가능하게 된 때 또는 관련 법령에서 금지하고 있는 경우 등 특별한 사정이 없는 한 시정 기회나 이의제기 기회를 부여함이 타당하다.
  해당 약관조항들은 서비스 중단, 변경 등의 사유가 지나치게 포괄적이거나, 사전통지 절차 또는 최고를 통한 고객의 이의제기나 시정기회를 부여하지 않고 있는바,
  ‘상당한 이유 없이 급부의 내용을 사업자가 일방적으로 변경하거나 사업자가 이행하여야 할 급부를 일방적으로 중지할 수 있게 하는 조항’ 및 ‘고객에게 부당하게 불리한 조항’으로 무효이다","약관법 제10조 제1호
 약관법 제10조 제2호
 약관법 제6조 제2항 제1호",
10153,2024년 금융투자 분야 불공정 약관조항 시정요청,담보물·근저당 관련 조항,수탁자가 임의로 신탁재산을 처분할 수 있도록 하는 조항,"【분양관리신탁 계약서】
  제16조(비용의 부담)
  ② 신탁재산에 속하는 금전으로 제1항의 제비용 등을 지급함에 부족하고 위탁자 또는 수익자로부터 그 부족금액을 받을 수 없을 경우에는 수탁자가 상당하다고 인정하는 방법으로 신탁부동산의 일부 또는 전부를 처분하여 지금에 충당할 수 있다.","「신탁법」 제48조제2항은 수탁자를 보호하기 위해 ‘자조매각권’을 규정하며 동시에 그 단서에서 신탁자를 보호하기 위해 처분권의 한계를 규정하고 있으므로, 신탁계약 약관에 수탁자의 신탁재산 처분권을 규정하는 경우 이러한 한계를 동시에 규정할 필요가 있다.
  한편 수탁자의 자조매각권과 유사한 채권자의 담보물 처분권을 약관에 규정하는 경우 일반적으로 채권자의 처분 전 담보제공자 등에 대한 통지의무를 규정하여 예측 가능성 및 절차적 투명성을 확보하는 동시에 처분 방법에도 일정한 제한을 두어 채권자의 자의적 처분으로 인한 채무자 등의 불이익을 예방하고 있다.
  그런데 해당 약관조항들은 수탁자의 신탁재산 처분 시 사전 통지 의무가 규정되어 있지 않으며, 수탁자의 자의적인 신탁재산 처분으로 인한 신탁자의 불이익을 예방할 수 있는 안전장치도 규정되어 있지 않으므로 고객에게 부당하게 불리한 조항으로 무효이다",약관법 제6조 제2항 제1호,
10154,2010년 금융투자분야 불공정 약관조항 시정요청,담보물·근저당 관련 조항,계약 종료시 고객 재산의 임의처분 조항,"수익증권통장거래약관
  저축자가 저축기간 종료 또는 저축계약의 해지에도 불구하고 저축재산의 인출을 청구하지 아니하는 경우에는 인출 청구시까지 저축기간이 계속된 것으로 본다. 다만, 회사가 필요하다고 인정하는 경우에는 해당 저축재산을 인출하여 회사가 정하는 방법으로 처리할 수 있다.","수익증권의가치는기준가격의증감에따라계속변하고재산인출시기에 따라 가치가 달라질 수 있음에도계약이종료하면회사가 임의로처분할수있도록하여고객의이익에반할가능성이큼
  이는상당한이유없이급부의내용을사업자가일방적으로결정할수있도록권한을부여한조항으로 무효이다.",약관법 제10조 제1호,
10155,2010년 금융투자분야 불공정 약관조항 시정요청,계약해지·갱신 관련 조항,최고절차 없는 다투지 못하게 즉시 해지 조항․최종청산잔액에 대해 다투지 못하게 한 조항,"장외파생금융상품거래약관,선물환거래약관
  <즉시해지조항>
  고객에대하여다음각호의사유가하나라도발생한경우에는은행은선물환계약을해지할수있다(…후단생략…).
  1.이계약에의한지급일에지급의무의전부또는일부를이행하지아니한경우
  2.제1호의지급의무를제외한이계약에의한의무의전부또는일부를이행하 지아니하고 해당불이행사실이통지된날로부터 5영업일 이내에 시정되지 아니한경우
  <최종청산잔액에대해다투지못하도록한조항>
  기한전 거래종료일이 도래하는 경우 채무불이행자의 거래상대방 또는 기타 거래종료사유가발생한거래당사자의거래상대방은기한전거래종료일을기준으로최종청산잔액을계산하며,채무불이행자또는기타거래종료사유가발생한 거래당사자는 거래상대방이 계산한 최종청산잔액에 대하여 명백하고도 중대 한오류가없는한그와같이계산된최종청산잔액을다투지못한다.","민법상 이행 지체시에는 최고절차를 거친 후 해지를 하여야하는데,지급의무와그외의의무를구분하여지급의무위반시에는최고없이즉시해지할수있도록하여민법보다불리하게규정
  이는법률의규정에의한해지권의행사요건을완화하여고객에 대하여 부당하게 불이익을 줄 우려가 있는 조항으로 무효이다.
  회사가일방적으로계산한최종청산잔액에대해고객은명백하고 중대한오류가없는한다투지못하여회사가정한금액을사실상 수인할수밖에없음
  이는법률의규정에의한고객의항변권등의권리를상당한이유없이배제또는제한하는조항으로 무효이다.","약관법 제11조 제1호
 약관법 제9조 제2호",
10156,2010년 금융투자분야 불공정 약관조항 시정요청,담보물·근저당 관련 조항,수탁회사가 임의로 신탁재산에 대한 소송을 진행할 수 있도록 한 조항,"토지신탁약관
  을은갑의요청에의하여이를승낙한경우를제외하고는신탁재산에관한소송행위를할의무를지지아니한다.다만, 을이신탁계약수행과관련하여소송을 할필요가있다고판단하는경우에는그러하지아니하다.","소송 수행비용은 원칙적으로 위탁자인 고객이 부담하는데도, 수탁재산에 대한 소송을 제기할지 여부를 위탁자 승낙 없이 회사가 임의로 결정할 수있도록하고 있음
  이는 고객에게 부당하게 불리한 조항으로서 무효이다.",약관법 제6조 제2항 제1호,
10157,2010년 금융투자분야 불공정 약관조항 시정요청,계약조건의 일방적 변경 조항,대차거래정지사유 등 계약상 중요사항에 대한 기준이 불명확한 조항,"대차중개약관
  회사가 대차거래의 안정을 위하여 필요하다고 인정되면회사가 대차거래 업무의전부 또는 일부를정지할 수 있다는조항
  회사는 대차거래의 안정을 위하여 필요하다고 인정하거나 천재지변, 전산장애 등부득이한사유로업무를수행할수없는경우대차거래업무의전부또는일 부를정지할수있다.
  이경우회사는지체없이그뜻을대여자에게통지한다.","고객의 권한에 제한을 가하는 사유에 대해 구체적으로 기재가 가능함에도 명확한 기준을 약관에 명시하여 놓지 않아서 고객이 이를 예측할 수 없도록 함
  이는고객에게부당하게불리한약관조항으로서 무효임",약관법 제6조 제2항 제1호,
10158,2010년 금융투자분야 불공정 약관조항 시정요청,계약조건의 일방적 변경 조항,대차거래정지사유 등 계약상 중요사항에 대한 기준이 불명확한 조항,"예탁증권담보융자약관
  고객에게 담보융자상환 연장신청권을 부여하면서 회사가 일방적으로 정하는 결격사유가 있으면 거부할수있다는 조항
  고객은일반담보융자의상환기일이전에상환기일의연장을신청할수있다.
  회사는담보가액이담보유지비율에미달하거나기타회사가정하는결격사유가있는경우연장신청을거부할수있다.","고객의 권한에 제한을 가하는 사유에 대해 구체적으로 기재가 가능함에도 명확한 기준을 약관에 명시하여 놓지 않아서 고객이 이를 예측할 수 없도록 함
  이는고객에게부당하게불리한약관조항으로서 무효임",약관법 제6조 제2항 제1호,
10159,2010년 금융투자분야 불공정 약관조항 시정요청,계약해지·갱신 관련 조항,계약연장의사 확인에 대한 구체적인 절차 없이 계약을 자동 연장하는 조항,"특정금전신탁 자유입출금관리형계약서
  신탁종료 후 고객이 해지를 요청하지 않으면 계약을 자동으로 연장한다는조항
  신탁종료후갑이수익자와의연서로써본계약의해지를요청하지아니할때는6개월단위로자동연장하기로한다.","신탁계약이 연장된 경우 중도에 해지하려면 신탁보수 및 수수료지급문제등여러 불편함과 비용 문제가 발생하게됨
  따라서계약을자동연장하기전에고객이연장여부에대해숙고하고동의여부를결정할수있도록확답최고절차,확답해야 하는기간등이명시되어 있어야함
  이는일정한부작위가있을때고객의의사표시가표명된것으로간주하는조항으로 무효이다.",약관법 제12조 제1호,
10160,신용카드사 포인트 관련 불공정 약관조항_보도자료,고객 선택권 제한 조항,탈회 ‧ 개인정보 삭제 시 잔여 포인트 자동 소멸 조항,"신용카드 개인회원 표준약관
 회원이 다음 각 호의 1에 해당하는 경우 적립된 포인트는 자동으로 소멸됩니다.
  1. 법률 또는 회원의 요청으로 회원의 정보가 삭제되는 경우","탈회, 개인정보 삭제 요청과 잔여 포인트 포기는 별도의 의사 표시를 필요로 하지만 위 약관 조항들은 고객의 탈회  개인정보 삭제 요청만으로 잔여 포인트에 대한 포기의 의사까지 표명된 것으로 규정하고 있음.
  또한 개인정보 유출 등 카드사 귀책으로 인해 탈회, 개인정보 삭제를 요청할 때에도 잔여 포인트가 소멸되도록 규정하고 있어 이용 계약 종료에 따른 카드사의 책임을 부당하게 줄이고 있음.",약관법 제9조 제5호,
10161,신용카드사 포인트 관련 불공정 약관조항_보도자료,고객 선택권 제한 조항,해지 카드 잔여포인트 자동 소멸 ‧ 유효기간 단축 조항,"신용카드 개인회원 표준약관
 회원이 다음 각 호의 1에 해당하는 경우 적립된 포인트는 자동으로 소멸됩니다.
  5. 회원이 사망하거나 카드 이용계약이 해지, 해제, 취소 및 기타의 사유로 카드이용계약이 종료된 경우","2개 이상의 카드를 가진 고객이 특정 카드를 해지한 경우 해지 카드의 잔여 포인트는 그대로 사용 가능하므로 이를 즉시 소멸시키거나 유효 기간을 단축할 정당한 사유가 없음.
  해당 약관 조항들은 해지 카드의 잔여 포인트를 즉시 소멸시키거나 유효 기간을 해지 전 포인트에 비하여 단축하고 있어 고객에게 불리함.",약관법 제6조 제2항 제1호,
10162,신용카드사 포인트 관련 불공정 약관조항_보도자료,고객 선택권 제한 조항,해지 카드 잔여포인트 자동 소멸 ‧ 유효기간 단축 조항,"신용카드 개인회원 표준약관
 카드 해지일로부터 12개월 경과 후에는 유효기간에 관계없이 카드 이용실적에 따라 적립된 모든 포인트가 자동 소멸됩니다.","2개 이상의 카드를 가진 고객이 특정 카드를 해지한 경우 해지 카드의 잔여 포인트는 그대로 사용 가능하므로 이를 즉시 소멸시키거나 유효 기간을 단축할 정당한 사유가 없음.
  해당 약관 조항들은 해지 카드의 잔여 포인트를 즉시 소멸시키거나 유효 기간을 해지 전 포인트에 비하여 단축하고 있어 고객에게 불리함.",약관법 제6조 제2항 제1호,
